Cadence Genus(TM) Synthesis Solution.
Copyright 2023 Cadence Design Systems, Inc. All rights reserved worldwide.
Cadence and the Cadence logo are registered trademarks and Genus is a trademark
of Cadence Design Systems, Inc. in the United States and other countries.

[14:38:00.461185] Configured Lic search path (21.01-s002): 5280@melicense.embedded.ufcg.edu.br

Version: 22.14-s059_1, built Sun Oct 22 04:05:00 PDT 2023
Options: -files only_srams.tcl -log only.log 
Date:    Mon Aug 31 14:38:00 2026
Host:    galileu.dee.ufcg.edu.br (x86_64 w/Linux 4.18.0-553.34.1.el8_10.x86_64) (16cores*64cpus*2physical cpus*Intel(R) Xeon(R) CPU E5-2683 v4 @ 2.10GHz 40960KB) (271758300KB)
PID:     352188
OS:      Red Hat Enterprise Linux release 8.10 (Ootpa)

Checking out license: Genus_Synthesis
[14:38:02.304904] Periodic Lic check successful
[14:38:02.304914] Feature usage summary:
[14:38:02.304915] Genus_Synthesis



***********************************************************************************************************
***********************************************************************************************************



Finished executable startup (22 seconds elapsed).

Loading tool scripts...
Finished loading tool scripts (13 seconds elapsed).

#@ Processing -files option
@genus 1> source only_srams.tcl
#@ Begin verbose source ./only_srams.tcl
@file(only_srams.tcl) 13: set TOP_MODULE "only_srams" 
@file(only_srams.tcl) 14: set DESIGN_NAME "${TOP_MODULE}"
@file(only_srams.tcl) 16: set LIB_PATH $env(HOME)/PDK/gsclib045/timing
@file(only_srams.tcl) 17: set LEF_PATH $env(HOME)/PDK/gsclib045/lef
@file(only_srams.tcl) 18: set QRC_PATH $env(HOME)/PDK/gsclib045/qrc
@file(only_srams.tcl) 25: set_db init_lib_search_path [list $LIB_PATH $LEF_PATH $QRC_PATH]
  Setting attribute of root '/': 'init_lib_search_path' = /home/lucas.martins/PDK/gsclib045/timing /home/lucas.martins/PDK/gsclib045/lef /home/lucas.martins/PDK/gsclib045/qrc
@file(only_srams.tcl) 26: set_db library fast_vdd1v0_basicCells.lib

  Message Summary for Library fast_vdd1v0_basicCells.lib:
  *******************************************************
  Missing a function attribute in the output pin definition. [LBR-518]: 1
  *******************************************************
 
Info    : Created nominal operating condition. [LBR-412]
        : Operating condition '_nominal_' was created for the PVT values (1.000000, 1.100000, 0.000000) in library 'fast_vdd1v0_basicCells.lib'.
        : The nominal operating condition is represented, either by the nominal PVT values specified in the library source (via nom_process,nom_voltage and nom_temperature respectively), or by the default PVT values (1.0,1.0,1.0).
Warning : Library cell has no output pins defined. [LBR-9]
        : Library cell 'ANTENNA' must have an output pin.
        : Add the missing output pin(s), then reload the library. Else the library cell will be marked as timing model i.e. unusable. Timing_model means that the cell does not have any defined function. If there is no output pin, Genus will mark library cell as unusable i.e. the attribute 'usable' will be marked to 'false' on the libcell. Therefore, the cell is not used for mapping and it will not be picked up from the library for synthesis. If you query the attribute 'unusable_reason' on the libcell; result will be: 'Library cell has no output pins.'Note: The message LBR-9 is only for the logical pins and not for the power_ground pins. Genus will depend upon the output function defined in the pin group (output pin) of the cell, to use it for mapping. The pg_pin will not have any function defined.
Warning : Library cell has no output pins defined. [LBR-9]
        : Library cell 'ANTENNA' must have an output pin.
Warning : Library cell has no output pins defined. [LBR-9]
        : Library cell 'DECAP10' must have an output pin.
Warning : Library cell has no output pins defined. [LBR-9]
        : Library cell 'DECAP10' must have an output pin.
Warning : Library cell has no output pins defined. [LBR-9]
        : Library cell 'DECAP2' must have an output pin.
Warning : Library cell has no output pins defined. [LBR-9]
        : Library cell 'DECAP2' must have an output pin.
Warning : Library cell has no output pins defined. [LBR-9]
        : Library cell 'DECAP3' must have an output pin.
Warning : Library cell has no output pins defined. [LBR-9]
        : Library cell 'DECAP3' must have an output pin.
Warning : Library cell has no output pins defined. [LBR-9]
        : Library cell 'DECAP4' must have an output pin.
Warning : Library cell has no output pins defined. [LBR-9]
        : Library cell 'DECAP4' must have an output pin.
Warning : Library cell has no output pins defined. [LBR-9]
        : Library cell 'DECAP5' must have an output pin.
Warning : Library cell has no output pins defined. [LBR-9]
        : Library cell 'DECAP5' must have an output pin.
Warning : Library cell has no output pins defined. [LBR-9]
        : Library cell 'DECAP6' must have an output pin.
Warning : Library cell has no output pins defined. [LBR-9]
        : Library cell 'DECAP6' must have an output pin.
Warning : Library cell has no output pins defined. [LBR-9]
        : Library cell 'DECAP7' must have an output pin.
Warning : Library cell has no output pins defined. [LBR-9]
        : Library cell 'DECAP7' must have an output pin.
Warning : Library cell has no output pins defined. [LBR-9]
        : Library cell 'DECAP8' must have an output pin.
Warning : Library cell has no output pins defined. [LBR-9]
        : Library cell 'DECAP8' must have an output pin.
Warning : Library cell has no output pins defined. [LBR-9]
        : Library cell 'DECAP9' must have an output pin.
Warning : Library cell has no output pins defined. [LBR-9]
        : Library cell 'DECAP9' must have an output pin.
  Setting attribute of root '/': 'library' = fast_vdd1v0_basicCells.lib
@file(only_srams.tcl) 27: set_db lef_library {gsclib045_tech.lef gsclib045_macro.lef gsclib045_multibitsDFF.lef}
Info    : Via with no resistance will have a value of '0.0' assigned for resistance value. [PHYS-129]
        : Via 'M2_M1_HV' has no resistance value.
        : If this is the expected behavior, this message can be ignored.
Info    : Via with no resistance will have a value of '0.0' assigned for resistance value. [PHYS-129]
        : Via 'M2_M1_VV' has no resistance value.
Info    : Via with no resistance will have a value of '0.0' assigned for resistance value. [PHYS-129]
        : Via 'M2_M1_VH' has no resistance value.
Info    : Via with no resistance will have a value of '0.0' assigned for resistance value. [PHYS-129]
        : Via 'M2_M1_HH' has no resistance value.
Info    : Via with no resistance will have a value of '0.0' assigned for resistance value. [PHYS-129]
        : Via 'M2_M1_2x1_HV_E' has no resistance value.
Info    : Via with no resistance will have a value of '0.0' assigned for resistance value. [PHYS-129]
        : Via 'M2_M1_2x1_HV_W' has no resistance value.
Info    : Via with no resistance will have a value of '0.0' assigned for resistance value. [PHYS-129]
        : Via 'M2_M1_1x2_HV_N' has no resistance value.
Info    : Via with no resistance will have a value of '0.0' assigned for resistance value. [PHYS-129]
        : Via 'M2_M1_1x2_HV_S' has no resistance value.
Info    : Via with no resistance will have a value of '0.0' assigned for resistance value. [PHYS-129]
        : Via 'M3_M2_VH' has no resistance value.
Info    : Via with no resistance will have a value of '0.0' assigned for resistance value. [PHYS-129]
        : Via 'M3_M2_HH' has no resistance value.
Info    : Via with no resistance will have a value of '0.0' assigned for resistance value. [PHYS-129]
        : Via 'M3_M2_HV' has no resistance value.
Info    : Via with no resistance will have a value of '0.0' assigned for resistance value. [PHYS-129]
        : Via 'M3_M2_VV' has no resistance value.
Info    : Via with no resistance will have a value of '0.0' assigned for resistance value. [PHYS-129]
        : Via 'M3_M2_M_NH' has no resistance value.
Info    : Via with no resistance will have a value of '0.0' assigned for resistance value. [PHYS-129]
        : Via 'M3_M2_M_SH' has no resistance value.
Info    : Via with no resistance will have a value of '0.0' assigned for resistance value. [PHYS-129]
        : Via 'M3_M2_2x1_VH_E' has no resistance value.
Info    : Via with no resistance will have a value of '0.0' assigned for resistance value. [PHYS-129]
        : Via 'M3_M2_2x1_VH_W' has no resistance value.
Info    : Via with no resistance will have a value of '0.0' assigned for resistance value. [PHYS-129]
        : Via 'M3_M2_1x2_VH_N' has no resistance value.
Info    : Via with no resistance will have a value of '0.0' assigned for resistance value. [PHYS-129]
        : Via 'M3_M2_1x2_VH_S' has no resistance value.
Info    : Via with no resistance will have a value of '0.0' assigned for resistance value. [PHYS-129]
        : Via 'M4_M3_HV' has no resistance value.
Info    : Via with no resistance will have a value of '0.0' assigned for resistance value. [PHYS-129]
        : Via 'M4_M3_VV' has no resistance value.
Warning : Maximum message print count reached. [MESG-11]
        : Maximum print count of '20' reached for message 'PHYS-129'.
Warning : Duplicate macro definition. [PHYS-107]
        : Macro 'DFF2RX1' is already defined. Ignoring this definition in file '/home/lucas.martins/PDK/gsclib045/lef/gsclib045_multibitsDFF.lef'.
Warning : Duplicate macro definition. [PHYS-107]
        : Macro 'DFF2RX2' is already defined. Ignoring this definition in file '/home/lucas.martins/PDK/gsclib045/lef/gsclib045_multibitsDFF.lef'.
Warning : Duplicate macro definition. [PHYS-107]
        : Macro 'DFF2X1' is already defined. Ignoring this definition in file '/home/lucas.martins/PDK/gsclib045/lef/gsclib045_multibitsDFF.lef'.
Warning : Duplicate macro definition. [PHYS-107]
        : Macro 'DFF2X2' is already defined. Ignoring this definition in file '/home/lucas.martins/PDK/gsclib045/lef/gsclib045_multibitsDFF.lef'.
Warning : Duplicate macro definition. [PHYS-107]
        : Macro 'DFF4RX1' is already defined. Ignoring this definition in file '/home/lucas.martins/PDK/gsclib045/lef/gsclib045_multibitsDFF.lef'.
Warning : Duplicate macro definition. [PHYS-107]
        : Macro 'DFF4RX2' is already defined. Ignoring this definition in file '/home/lucas.martins/PDK/gsclib045/lef/gsclib045_multibitsDFF.lef'.
Warning : Duplicate macro definition. [PHYS-107]
        : Macro 'DFF4X1' is already defined. Ignoring this definition in file '/home/lucas.martins/PDK/gsclib045/lef/gsclib045_multibitsDFF.lef'.
Warning : Duplicate macro definition. [PHYS-107]
        : Macro 'DFF4X2' is already defined. Ignoring this definition in file '/home/lucas.martins/PDK/gsclib045/lef/gsclib045_multibitsDFF.lef'.
Warning : Duplicate macro definition. [PHYS-107]
        : Macro 'SDFF2RX1' is already defined. Ignoring this definition in file '/home/lucas.martins/PDK/gsclib045/lef/gsclib045_multibitsDFF.lef'.
Warning : Duplicate macro definition. [PHYS-107]
        : Macro 'SDFF2RX2' is already defined. Ignoring this definition in file '/home/lucas.martins/PDK/gsclib045/lef/gsclib045_multibitsDFF.lef'.
Warning : Duplicate macro definition. [PHYS-107]
        : Macro 'SDFF4RX1' is already defined. Ignoring this definition in file '/home/lucas.martins/PDK/gsclib045/lef/gsclib045_multibitsDFF.lef'.
Warning : Duplicate macro definition. [PHYS-107]
        : Macro 'SDFF4RX2' is already defined. Ignoring this definition in file '/home/lucas.martins/PDK/gsclib045/lef/gsclib045_multibitsDFF.lef'.
Warning : Duplicate macro definition. [PHYS-107]
        : Macro 'SPDFF2RX1' is already defined. Ignoring this definition in file '/home/lucas.martins/PDK/gsclib045/lef/gsclib045_multibitsDFF.lef'.
Warning : Duplicate macro definition. [PHYS-107]
        : Macro 'SPDFF2RX2' is already defined. Ignoring this definition in file '/home/lucas.martins/PDK/gsclib045/lef/gsclib045_multibitsDFF.lef'.
Warning : Duplicate macro definition. [PHYS-107]
        : Macro 'SPDFF4RX1' is already defined. Ignoring this definition in file '/home/lucas.martins/PDK/gsclib045/lef/gsclib045_multibitsDFF.lef'.
Warning : Duplicate macro definition. [PHYS-107]
        : Macro 'SPDFF4RX2' is already defined. Ignoring this definition in file '/home/lucas.martins/PDK/gsclib045/lef/gsclib045_multibitsDFF.lef'.

  According to lef_library, there are total 11 routing layers [ V(5) / H(6) ]

Warning : Physical cell not defined in library. [PHYS-279]
        : The physical (LEF) cell DFF2RX1 cannot be found in library.
        : Ensure that the proper library files are available and have been imported.
Warning : Physical cell not defined in library. [PHYS-279]
        : The physical (LEF) cell DFF2RX2 cannot be found in library.
Warning : Physical cell not defined in library. [PHYS-279]
        : The physical (LEF) cell DFF2X1 cannot be found in library.
Warning : Physical cell not defined in library. [PHYS-279]
        : The physical (LEF) cell DFF2X2 cannot be found in library.
Warning : Physical cell not defined in library. [PHYS-279]
        : The physical (LEF) cell DFF4RX1 cannot be found in library.
Warning : Physical cell not defined in library. [PHYS-279]
        : The physical (LEF) cell DFF4RX2 cannot be found in library.
Warning : Physical cell not defined in library. [PHYS-279]
        : The physical (LEF) cell DFF4X1 cannot be found in library.
Warning : Physical cell not defined in library. [PHYS-279]
        : The physical (LEF) cell DFF4X2 cannot be found in library.
Warning : Physical cell not defined in library. [PHYS-279]
        : The physical (LEF) cell FILL1 cannot be found in library.
Warning : Physical cell not defined in library. [PHYS-279]
        : The physical (LEF) cell FILL16 cannot be found in library.
Warning : Physical cell not defined in library. [PHYS-279]
        : The physical (LEF) cell FILL2 cannot be found in library.
Warning : Physical cell not defined in library. [PHYS-279]
        : The physical (LEF) cell FILL32 cannot be found in library.
Warning : Physical cell not defined in library. [PHYS-279]
        : The physical (LEF) cell FILL4 cannot be found in library.
Warning : Physical cell not defined in library. [PHYS-279]
        : The physical (LEF) cell FILL64 cannot be found in library.
Warning : Physical cell not defined in library. [PHYS-279]
        : The physical (LEF) cell FILL8 cannot be found in library.
Warning : Physical cell not defined in library. [PHYS-279]
        : The physical (LEF) cell FSWNX1 cannot be found in library.
Warning : Physical cell not defined in library. [PHYS-279]
        : The physical (LEF) cell FSWX1 cannot be found in library.
Warning : Physical cell not defined in library. [PHYS-279]
        : The physical (LEF) cell HSWDNX1 cannot be found in library.
Warning : Physical cell not defined in library. [PHYS-279]
        : The physical (LEF) cell HSWDX1 cannot be found in library.
Warning : Physical cell not defined in library. [PHYS-279]
        : The physical (LEF) cell HSWNX1 cannot be found in library.
Warning : Maximum message print count reached. [MESG-11]
        : Maximum print count of '20' reached for message 'PHYS-279'.
  Setting attribute of root '/': 'lef_library' = /home/lucas.martins/PDK/gsclib045/lef/gsclib045_tech.lef /home/lucas.martins/PDK/gsclib045/lef/gsclib045_macro.lef /home/lucas.martins/PDK/gsclib045/lef/gsclib045_multibitsDFF.lef
@file(only_srams.tcl) 35: set_db init_hdl_search_path "../only_srams/ ../aux_rtl/"
  Setting attribute of root '/': 'init_hdl_search_path' = ../only_srams/ ../aux_rtl/
@file(only_srams.tcl) 38: read_hdl -sv ${TOP_MODULE}.sv mem_model.sv mem_controller.sv booth_radix4.sv requant_unit.sv
@file(only_srams.tcl) 40: elaborate ${TOP_MODULE}
  Libraries have 324 usable logic and 128 usable sequential lib-cells.
Info    : Elaborating Design. [ELAB-1]
        : Elaborating top-level block 'only_srams' from file '../only_srams/only_srams.sv'.
Warning : Using default parameter value for module elaboration. [CDFG-818]
        : Elaborating block 'only_srams' with default parameters value.
Warning : Undriven signal detected. [ELABUTL-125]
        : Undriven bits of signal 'mem[0]' in module 'mem_model_ADDR_WIDTH16_DATA_WIDTH32_MEM_WORDS256_LATENCY2_MEM_FILE80h646174612f772e686578' in file '../aux_rtl/mem_model.sv' on line 57, column 33, hid = 0.
        : The undriven signal handling can be controlled by setting the attribute 'hdl_unconnected_value' before syn_generic command.
Warning : Undriven signal detected. [ELABUTL-125]
        : Undriven bits of signal 'mem[1]' in module 'mem_model_ADDR_WIDTH16_DATA_WIDTH32_MEM_WORDS256_LATENCY2_MEM_FILE80h646174612f772e686578' in file '../aux_rtl/mem_model.sv' on line 57, column 33, hid = 0.
Warning : Undriven signal detected. [ELABUTL-125]
        : Undriven bits of signal 'mem[2]' in module 'mem_model_ADDR_WIDTH16_DATA_WIDTH32_MEM_WORDS256_LATENCY2_MEM_FILE80h646174612f772e686578' in file '../aux_rtl/mem_model.sv' on line 57, column 33, hid = 0.
Warning : Undriven signal detected. [ELABUTL-125]
        : Undriven bits of signal 'mem[3]' in module 'mem_model_ADDR_WIDTH16_DATA_WIDTH32_MEM_WORDS256_LATENCY2_MEM_FILE80h646174612f772e686578' in file '../aux_rtl/mem_model.sv' on line 57, column 33, hid = 0.
Warning : Undriven signal detected. [ELABUTL-125]
        : Undriven bits of signal 'mem[4]' in module 'mem_model_ADDR_WIDTH16_DATA_WIDTH32_MEM_WORDS256_LATENCY2_MEM_FILE80h646174612f772e686578' in file '../aux_rtl/mem_model.sv' on line 57, column 33, hid = 0.
Warning : Undriven signal detected. [ELABUTL-125]
        : Undriven bits of signal 'mem[5]' in module 'mem_model_ADDR_WIDTH16_DATA_WIDTH32_MEM_WORDS256_LATENCY2_MEM_FILE80h646174612f772e686578' in file '../aux_rtl/mem_model.sv' on line 57, column 33, hid = 0.
Warning : Undriven signal detected. [ELABUTL-125]
        : Undriven bits of signal 'mem[6]' in module 'mem_model_ADDR_WIDTH16_DATA_WIDTH32_MEM_WORDS256_LATENCY2_MEM_FILE80h646174612f772e686578' in file '../aux_rtl/mem_model.sv' on line 57, column 33, hid = 0.
Warning : Undriven signal detected. [ELABUTL-125]
        : Undriven bits of signal 'mem[7]' in module 'mem_model_ADDR_WIDTH16_DATA_WIDTH32_MEM_WORDS256_LATENCY2_MEM_FILE80h646174612f772e686578' in file '../aux_rtl/mem_model.sv' on line 57, column 33, hid = 0.
Warning : Undriven signal detected. [ELABUTL-125]
        : Undriven bits of signal 'mem[8]' in module 'mem_model_ADDR_WIDTH16_DATA_WIDTH32_MEM_WORDS256_LATENCY2_MEM_FILE80h646174612f772e686578' in file '../aux_rtl/mem_model.sv' on line 57, column 33, hid = 0.
Warning : Undriven signal detected. [ELABUTL-125]
        : Undriven bits of signal 'mem[9]' in module 'mem_model_ADDR_WIDTH16_DATA_WIDTH32_MEM_WORDS256_LATENCY2_MEM_FILE80h646174612f772e686578' in file '../aux_rtl/mem_model.sv' on line 57, column 33, hid = 0.
Warning : Undriven signal detected. [ELABUTL-125]
        : Undriven bits of signal 'mem[10]' in module 'mem_model_ADDR_WIDTH16_DATA_WIDTH32_MEM_WORDS256_LATENCY2_MEM_FILE80h646174612f772e686578' in file '../aux_rtl/mem_model.sv' on line 57, column 33, hid = 0.
Warning : Undriven signal detected. [ELABUTL-125]
        : Undriven bits of signal 'mem[11]' in module 'mem_model_ADDR_WIDTH16_DATA_WIDTH32_MEM_WORDS256_LATENCY2_MEM_FILE80h646174612f772e686578' in file '../aux_rtl/mem_model.sv' on line 57, column 33, hid = 0.
Warning : Undriven signal detected. [ELABUTL-125]
        : Undriven bits of signal 'mem[12]' in module 'mem_model_ADDR_WIDTH16_DATA_WIDTH32_MEM_WORDS256_LATENCY2_MEM_FILE80h646174612f772e686578' in file '../aux_rtl/mem_model.sv' on line 57, column 33, hid = 0.
Warning : Undriven signal detected. [ELABUTL-125]
        : Undriven bits of signal 'mem[13]' in module 'mem_model_ADDR_WIDTH16_DATA_WIDTH32_MEM_WORDS256_LATENCY2_MEM_FILE80h646174612f772e686578' in file '../aux_rtl/mem_model.sv' on line 57, column 33, hid = 0.
Warning : Undriven signal detected. [ELABUTL-125]
        : Undriven bits of signal 'mem[14]' in module 'mem_model_ADDR_WIDTH16_DATA_WIDTH32_MEM_WORDS256_LATENCY2_MEM_FILE80h646174612f772e686578' in file '../aux_rtl/mem_model.sv' on line 57, column 33, hid = 0.
Warning : Undriven signal detected. [ELABUTL-125]
        : Undriven bits of signal 'mem[15]' in module 'mem_model_ADDR_WIDTH16_DATA_WIDTH32_MEM_WORDS256_LATENCY2_MEM_FILE80h646174612f772e686578' in file '../aux_rtl/mem_model.sv' on line 57, column 33, hid = 0.
Warning : Undriven signal detected. [ELABUTL-125]
        : Undriven bits of signal 'mem[16]' in module 'mem_model_ADDR_WIDTH16_DATA_WIDTH32_MEM_WORDS256_LATENCY2_MEM_FILE80h646174612f772e686578' in file '../aux_rtl/mem_model.sv' on line 57, column 33, hid = 0.
Warning : Undriven signal detected. [ELABUTL-125]
        : Undriven bits of signal 'mem[17]' in module 'mem_model_ADDR_WIDTH16_DATA_WIDTH32_MEM_WORDS256_LATENCY2_MEM_FILE80h646174612f772e686578' in file '../aux_rtl/mem_model.sv' on line 57, column 33, hid = 0.
Warning : Undriven signal detected. [ELABUTL-125]
        : Undriven bits of signal 'mem[18]' in module 'mem_model_ADDR_WIDTH16_DATA_WIDTH32_MEM_WORDS256_LATENCY2_MEM_FILE80h646174612f772e686578' in file '../aux_rtl/mem_model.sv' on line 57, column 33, hid = 0.
Warning : Undriven signal detected. [ELABUTL-125]
        : Undriven bits of signal 'mem[19]' in module 'mem_model_ADDR_WIDTH16_DATA_WIDTH32_MEM_WORDS256_LATENCY2_MEM_FILE80h646174612f772e686578' in file '../aux_rtl/mem_model.sv' on line 57, column 33, hid = 0.
Warning : Maximum message print count reached. [MESG-11]
        : Maximum print count of '20' reached for message 'ELABUTL-125'.
Info    : Done Elaborating Design. [ELAB-3]
        : Done elaborating 'only_srams'.
Checking for analog nets...
Check completed for analog nets.
Checking for source RTL...
Check completed for source RTL.
Running Unified Mux Engine Tricks...
Completed Unified Mux Engine Tricks

Stage: post_elab
-------------------------------------------------------
| Trick             | Accepts | Rejects | Runtime (s) | 
-------------------------------------------------------
| ume_constant_bmux |       0 |       0 |        0.00 | 
| ume_merge         |       0 |       0 |        0.00 | 
| ume_ssm           |       0 |       0 |        0.00 | 
| ume_cse           |       1 |       0 |        0.01 | 
| ume_shrink        |       0 |       0 |        0.00 | 
| ume_sweep         |       1 |       0 |        0.00 | 
| ume_constant_bmux |       0 |       0 |        0.00 | 
| ume_merge         |       0 |       0 |        0.00 | 
| ume_ssm           |       0 |       0 |        0.00 | 
| ume_cse           |       0 |       0 |        0.01 | 
| ume_shrink        |       0 |       0 |        0.00 | 
| ume_sweep         |       0 |       0 |        0.00 | 
-------------------------------------------------------
Starting optimize datapath shifters [v1.0] (stage: post_elab, startdef: only_srams, recur: true)
Completed optimize datapath shifters (accepts: 0, rejects: 0, runtime: 0.001s)
Starting clip mux common data inputs [v1.0] (stage: post_elab, startdef: only_srams, recur: true)
Completed clip mux common data inputs (accepts: 0, rejects: 0, runtime: 0.000s)
Starting clip the non-user hierarchies [v2.0] (stage: post_elab, startdef: only_srams, recur: true)
Completed clip the non-user hierarchies (accepts: 0, rejects: 0, runtime: 0.000s)
Starting basic netlist cleanup [v1.0] (stage: post_elab, startdef: only_srams, recur: true)
Completed basic netlist cleanup (accepts: 0, rejects: 0, runtime: 0.000s)

Stage: post_elab
--------------------------------------------------------------------
| Transform                      | Accepts | Rejects | Runtime (s) | 
--------------------------------------------------------------------
| hlo_optimize_datapath_shifters |       0 |       0 |        0.00 | 
| hlo_clip_mux_input             |       0 |       0 |        0.00 | 
| hlo_clip                       |       0 |       0 |        0.00 | 
| hlo_cleanup                    |       0 |       0 |        0.00 | 
--------------------------------------------------------------------
UM:   flow.cputime  flow.realtime  timing.setup.tns  timing.setup.wns  snapshot
UM:*                                                                   elaborate
@file(only_srams.tcl) 47: read_sdc "../constraints/${TOP_MODULE}.sdc"
Warning : Unsupported SDC command option. [SDC-201] [set_input_delay]
        : The set_input_delay command is not supported on ports which have a clock already defined 'port:only_srams/clk'.
        : The current version does not support this SDC command option.  However, future versions may be enhanced to support this option.
Statistics for commands executed by read_sdc:
 "all_inputs"               - successful      1 , failed      0 (runtime  0.00)
 "all_outputs"              - successful      1 , failed      0 (runtime  0.00)
 "create_clock"             - successful      1 , failed      0 (runtime  0.00)
 "get_ports"                - successful      1 , failed      0 (runtime  0.00)
 "set_input_delay"          - successful      1 , failed      0 (runtime  0.01)
 "set_output_delay"         - successful      1 , failed      0 (runtime  0.00)
read_sdc completed in 00:00:00 (hh:mm:ss)
@file(only_srams.tcl) 52: set_db syn_generic_effort medium
  Setting attribute of root '/': 'syn_generic_effort' = medium
@file(only_srams.tcl) 53: set_db syn_map_effort medium
  Setting attribute of root '/': 'syn_map_effort' = medium
@file(only_srams.tcl) 54: set_db syn_opt_effort medium
  Setting attribute of root '/': 'syn_opt_effort' = medium
@file(only_srams.tcl) 56: syn_generic
Info    : Undriven signal detected. [ELABUTL-130]
        : Assuming a logic '0' value for undriven bits of signal 'mem[0]' in module 'mem_model_ADDR_WIDTH16_DATA_WIDTH32_MEM_WORDS256_LATENCY2_MEM_FILE80h646174612f772e686578'.
        : The 'hdl_unconnected_value' attribute controls treatment of undriven signal.
Info    : Undriven signal detected. [ELABUTL-130]
        : Assuming a logic '0' value for undriven bits of signal 'mem[1]' in module 'mem_model_ADDR_WIDTH16_DATA_WIDTH32_MEM_WORDS256_LATENCY2_MEM_FILE80h646174612f772e686578'.
Info    : Undriven signal detected. [ELABUTL-130]
        : Assuming a logic '0' value for undriven bits of signal 'mem[2]' in module 'mem_model_ADDR_WIDTH16_DATA_WIDTH32_MEM_WORDS256_LATENCY2_MEM_FILE80h646174612f772e686578'.
Info    : Undriven signal detected. [ELABUTL-130]
        : Assuming a logic '0' value for undriven bits of signal 'mem[3]' in module 'mem_model_ADDR_WIDTH16_DATA_WIDTH32_MEM_WORDS256_LATENCY2_MEM_FILE80h646174612f772e686578'.
Info    : Undriven signal detected. [ELABUTL-130]
        : Assuming a logic '0' value for undriven bits of signal 'mem[4]' in module 'mem_model_ADDR_WIDTH16_DATA_WIDTH32_MEM_WORDS256_LATENCY2_MEM_FILE80h646174612f772e686578'.
Info    : Undriven signal detected. [ELABUTL-130]
        : Assuming a logic '0' value for undriven bits of signal 'mem[5]' in module 'mem_model_ADDR_WIDTH16_DATA_WIDTH32_MEM_WORDS256_LATENCY2_MEM_FILE80h646174612f772e686578'.
Info    : Undriven signal detected. [ELABUTL-130]
        : Assuming a logic '0' value for undriven bits of signal 'mem[6]' in module 'mem_model_ADDR_WIDTH16_DATA_WIDTH32_MEM_WORDS256_LATENCY2_MEM_FILE80h646174612f772e686578'.
Info    : Undriven signal detected. [ELABUTL-130]
        : Assuming a logic '0' value for undriven bits of signal 'mem[7]' in module 'mem_model_ADDR_WIDTH16_DATA_WIDTH32_MEM_WORDS256_LATENCY2_MEM_FILE80h646174612f772e686578'.
Info    : Undriven signal detected. [ELABUTL-130]
        : Assuming a logic '0' value for undriven bits of signal 'mem[8]' in module 'mem_model_ADDR_WIDTH16_DATA_WIDTH32_MEM_WORDS256_LATENCY2_MEM_FILE80h646174612f772e686578'.
Info    : Undriven signal detected. [ELABUTL-130]
        : Assuming a logic '0' value for undriven bits of signal 'mem[9]' in module 'mem_model_ADDR_WIDTH16_DATA_WIDTH32_MEM_WORDS256_LATENCY2_MEM_FILE80h646174612f772e686578'.
Info    : Undriven signal detected. [ELABUTL-130]
        : Assuming a logic '0' value for undriven bits of signal 'mem[10]' in module 'mem_model_ADDR_WIDTH16_DATA_WIDTH32_MEM_WORDS256_LATENCY2_MEM_FILE80h646174612f772e686578'.
Info    : Undriven signal detected. [ELABUTL-130]
        : Assuming a logic '0' value for undriven bits of signal 'mem[11]' in module 'mem_model_ADDR_WIDTH16_DATA_WIDTH32_MEM_WORDS256_LATENCY2_MEM_FILE80h646174612f772e686578'.
Info    : Undriven signal detected. [ELABUTL-130]
        : Assuming a logic '0' value for undriven bits of signal 'mem[12]' in module 'mem_model_ADDR_WIDTH16_DATA_WIDTH32_MEM_WORDS256_LATENCY2_MEM_FILE80h646174612f772e686578'.
Info    : Undriven signal detected. [ELABUTL-130]
        : Assuming a logic '0' value for undriven bits of signal 'mem[13]' in module 'mem_model_ADDR_WIDTH16_DATA_WIDTH32_MEM_WORDS256_LATENCY2_MEM_FILE80h646174612f772e686578'.
Info    : Undriven signal detected. [ELABUTL-130]
        : Assuming a logic '0' value for undriven bits of signal 'mem[14]' in module 'mem_model_ADDR_WIDTH16_DATA_WIDTH32_MEM_WORDS256_LATENCY2_MEM_FILE80h646174612f772e686578'.
Info    : Undriven signal detected. [ELABUTL-130]
        : Assuming a logic '0' value for undriven bits of signal 'mem[15]' in module 'mem_model_ADDR_WIDTH16_DATA_WIDTH32_MEM_WORDS256_LATENCY2_MEM_FILE80h646174612f772e686578'.
Info    : Undriven signal detected. [ELABUTL-130]
        : Assuming a logic '0' value for undriven bits of signal 'mem[16]' in module 'mem_model_ADDR_WIDTH16_DATA_WIDTH32_MEM_WORDS256_LATENCY2_MEM_FILE80h646174612f772e686578'.
Info    : Undriven signal detected. [ELABUTL-130]
        : Assuming a logic '0' value for undriven bits of signal 'mem[17]' in module 'mem_model_ADDR_WIDTH16_DATA_WIDTH32_MEM_WORDS256_LATENCY2_MEM_FILE80h646174612f772e686578'.
Info    : Undriven signal detected. [ELABUTL-130]
        : Assuming a logic '0' value for undriven bits of signal 'mem[18]' in module 'mem_model_ADDR_WIDTH16_DATA_WIDTH32_MEM_WORDS256_LATENCY2_MEM_FILE80h646174612f772e686578'.
Info    : Undriven signal detected. [ELABUTL-130]
        : Assuming a logic '0' value for undriven bits of signal 'mem[19]' in module 'mem_model_ADDR_WIDTH16_DATA_WIDTH32_MEM_WORDS256_LATENCY2_MEM_FILE80h646174612f772e686578'.
Warning : Maximum message print count reached. [MESG-11]
        : Maximum print count of '20' reached for message 'ELABUTL-130'.

Stage: pre_early_cg
-----------------------------------------------
| Transform | Accepts | Rejects | Runtime (s) | 
-----------------------------------------------
-----------------------------------------------
Mapping ChipWare ICG instances in only_srams
Found 0 unmapped ChipWare ICG instances
Mapped 0 of 0 ChipWare ICG instances
##Generic Timing Info for library domain: _default_ typical gate delay: 40.7 ps std_slew: 5.4 ps std_load: 1.0 fF
Starting mux data reorder optimization [v1.0] (stage: pre_to_gen_setup, startdef: only_srams, recur: true)
Completed mux data reorder optimization (accepts: 0, rejects: 0, runtime: 0.000s)

Stage: pre_to_gen_setup
-----------------------------------------------------
| Transform       | Accepts | Rejects | Runtime (s) | 
-----------------------------------------------------
| hlo_mux_reorder |       0 |       0 |        0.00 | 
-----------------------------------------------------
Running DP early constant propagation (netlist only_srams)...
Info    : Replacing the synchronous part of an always feeding back flip-flop with a logic constant. [GLO-45]
        : The instance is 'u_input_mem_ctrl/CS_reg[3]'. The constant is '0'.
        : To prevent this optimization, set 'optimize_constant_feedback_seqs' root attribute to 'false'. The instance attribute 'optimize_constant_feedback_seq' controls this optimization. 
Info    : Replacing a flip-flop with a logic constant 0. [GLO-12]
        : The instance is 'u_input_mem_ctrl/CS_reg[3]'.
        : To prevent this optimization, set the 'optimize_constant_0_flops' root attribute to 'false' or 'optimize_constant_0_seq' instance attribute to 'false'. You can also see the complete list of deleted sequential with command "report sequential -deleted" (on Reason "constant0").
Info    : Replacing a flip-flop with a logic constant 0. [GLO-12]
        : The instance is 'u_mult/pp1_r_reg[0]'.
Info    : Replacing a flip-flop with a logic constant 0. [GLO-12]
        : The instance is 'u_mult/pp2_r_reg[0]'.
Info    : Replacing a flip-flop with a logic constant 0. [GLO-12]
        : The instance is 'u_mult/pp3_r_reg[0]'.
Info    : Replacing the synchronous part of an always feeding back flip-flop with a logic constant. [GLO-45]
        : The instance is 'u_weight_mem_ctrl/CS_reg[3]'. The constant is '0'.
Info    : Replacing a flip-flop with a logic constant 0. [GLO-12]
        : The instance is 'u_weight_mem_ctrl/CS_reg[3]'.
Info    : Replacing the synchronous part of an always feeding back flip-flop with a logic constant. [GLO-45]
        : The instance is 'input_mem/rdata_reg[31]'. The constant is '0'.
Info    : Replacing the synchronous part of an always feeding back flip-flop with a logic constant. [GLO-45]
        : The instance is 'input_mem/rdata_reg[30]'. The constant is '0'.
Info    : Replacing the synchronous part of an always feeding back flip-flop with a logic constant. [GLO-45]
        : The instance is 'input_mem/rdata_reg[29]'. The constant is '0'.
Info    : Replacing the synchronous part of an always feeding back flip-flop with a logic constant. [GLO-45]
        : The instance is 'input_mem/rdata_reg[28]'. The constant is '0'.
Info    : Replacing the synchronous part of an always feeding back flip-flop with a logic constant. [GLO-45]
        : The instance is 'input_mem/rdata_reg[27]'. The constant is '0'.
Info    : Replacing the synchronous part of an always feeding back flip-flop with a logic constant. [GLO-45]
        : The instance is 'input_mem/rdata_reg[26]'. The constant is '0'.
Info    : Replacing the synchronous part of an always feeding back flip-flop with a logic constant. [GLO-45]
        : The instance is 'input_mem/rdata_reg[25]'. The constant is '0'.
Info    : Replacing the synchronous part of an always feeding back flip-flop with a logic constant. [GLO-45]
        : The instance is 'input_mem/rdata_reg[24]'. The constant is '0'.
Info    : Replacing the synchronous part of an always feeding back flip-flop with a logic constant. [GLO-45]
        : The instance is 'input_mem/rdata_reg[23]'. The constant is '0'.
Info    : Replacing the synchronous part of an always feeding back flip-flop with a logic constant. [GLO-45]
        : The instance is 'input_mem/rdata_reg[22]'. The constant is '0'.
Info    : Replacing the synchronous part of an always feeding back flip-flop with a logic constant. [GLO-45]
        : The instance is 'input_mem/rdata_reg[21]'. The constant is '0'.
Info    : Replacing the synchronous part of an always feeding back flip-flop with a logic constant. [GLO-45]
        : The instance is 'input_mem/rdata_reg[20]'. The constant is '0'.
Info    : Replacing the synchronous part of an always feeding back flip-flop with a logic constant. [GLO-45]
        : The instance is 'input_mem/rdata_reg[19]'. The constant is '0'.
Info    : Replacing the synchronous part of an always feeding back flip-flop with a logic constant. [GLO-45]
        : The instance is 'input_mem/rdata_reg[18]'. The constant is '0'.
Info    : Replacing the synchronous part of an always feeding back flip-flop with a logic constant. [GLO-45]
        : The instance is 'input_mem/rdata_reg[17]'. The constant is '0'.
Info    : Replacing the synchronous part of an always feeding back flip-flop with a logic constant. [GLO-45]
        : The instance is 'input_mem/rdata_reg[16]'. The constant is '0'.
Info    : Replacing the synchronous part of an always feeding back flip-flop with a logic constant. [GLO-45]
        : The instance is 'input_mem/rdata_reg[15]'. The constant is '0'.
Info    : Replacing the synchronous part of an always feeding back flip-flop with a logic constant. [GLO-45]
        : The instance is 'input_mem/rdata_reg[14]'. The constant is '0'.
Warning : Maximum message print count reached. [MESG-11]
        : Maximum print count of '20' reached for message 'GLO-45'.
Info    : Replacing a flip-flop with a logic constant 0. [GLO-12]
        : The instance is 'input_mem/rdata_reg[0]'.
Info    : Replacing a flip-flop with a logic constant 0. [GLO-12]
        : The instance is 'input_mem/rdata_reg[1]'.
Info    : Replacing a flip-flop with a logic constant 0. [GLO-12]
        : The instance is 'input_mem/rdata_reg[2]'.
Info    : Replacing a flip-flop with a logic constant 0. [GLO-12]
        : The instance is 'input_mem/rdata_reg[3]'.
Info    : Replacing a flip-flop with a logic constant 0. [GLO-12]
        : The instance is 'input_mem/rdata_reg[4]'.
Info    : Replacing a flip-flop with a logic constant 0. [GLO-12]
        : The instance is 'input_mem/rdata_reg[5]'.
Info    : Replacing a flip-flop with a logic constant 0. [GLO-12]
        : The instance is 'input_mem/rdata_reg[6]'.
Info    : Replacing a flip-flop with a logic constant 0. [GLO-12]
        : The instance is 'input_mem/rdata_reg[7]'.
Info    : Replacing a flip-flop with a logic constant 0. [GLO-12]
        : The instance is 'input_mem/rdata_reg[8]'.
Info    : Replacing a flip-flop with a logic constant 0. [GLO-12]
        : The instance is 'input_mem/rdata_reg[9]'.
Info    : Replacing a flip-flop with a logic constant 0. [GLO-12]
        : The instance is 'input_mem/rdata_reg[10]'.
Info    : Replacing a flip-flop with a logic constant 0. [GLO-12]
        : The instance is 'input_mem/rdata_reg[11]'.
Info    : Replacing a flip-flop with a logic constant 0. [GLO-12]
        : The instance is 'input_mem/rdata_reg[12]'.
Info    : Replacing a flip-flop with a logic constant 0. [GLO-12]
        : The instance is 'input_mem/rdata_reg[13]'.
Info    : Replacing a flip-flop with a logic constant 0. [GLO-12]
        : The instance is 'input_mem/rdata_reg[14]'.
Info    : Replacing a flip-flop with a logic constant 0. [GLO-12]
        : The instance is 'input_mem/rdata_reg[15]'.
Info    : Replacing a flip-flop with a logic constant 0. [GLO-12]
        : The instance is 'input_mem/rdata_reg[16]'.
Info    : Replacing a flip-flop with a logic constant 0. [GLO-12]
        : The instance is 'input_mem/rdata_reg[17]'.
Info    : Replacing a flip-flop with a logic constant 0. [GLO-12]
        : The instance is 'input_mem/rdata_reg[18]'.
Info    : Replacing a flip-flop with a logic constant 0. [GLO-12]
        : The instance is 'input_mem/rdata_reg[19]'.
Info    : Replacing a flip-flop with a logic constant 0. [GLO-12]
        : The instance is 'input_mem/rdata_reg[20]'.
Info    : Replacing a flip-flop with a logic constant 0. [GLO-12]
        : The instance is 'input_mem/rdata_reg[21]'.
Info    : Replacing a flip-flop with a logic constant 0. [GLO-12]
        : The instance is 'input_mem/rdata_reg[22]'.
Info    : Replacing a flip-flop with a logic constant 0. [GLO-12]
        : The instance is 'input_mem/rdata_reg[23]'.
Info    : Replacing a flip-flop with a logic constant 0. [GLO-12]
        : The instance is 'input_mem/rdata_reg[24]'.
Info    : Replacing a flip-flop with a logic constant 0. [GLO-12]
        : The instance is 'input_mem/rdata_reg[25]'.
Info    : Replacing a flip-flop with a logic constant 0. [GLO-12]
        : The instance is 'input_mem/rdata_reg[26]'.
Info    : Replacing a flip-flop with a logic constant 0. [GLO-12]
        : The instance is 'input_mem/rdata_reg[27]'.
Info    : Replacing a flip-flop with a logic constant 0. [GLO-12]
        : The instance is 'input_mem/rdata_reg[28]'.
Info    : Replacing a flip-flop with a logic constant 0. [GLO-12]
        : The instance is 'input_mem/rdata_reg[29]'.
Info    : Replacing a flip-flop with a logic constant 0. [GLO-12]
        : The instance is 'input_mem/rdata_reg[30]'.
Info    : Replacing a flip-flop with a logic constant 0. [GLO-12]
        : The instance is 'input_mem/rdata_reg[31]'.
Info    : Replacing a flip-flop with a logic constant 0. [GLO-12]
        : The instance is 'u_input_mem_ctrl/current_addr_reg[1]'.
Info    : Replacing a flip-flop with a logic constant 0. [GLO-12]
        : The instance is 'u_input_mem_ctrl/current_addr_reg[2]'.
Info    : Replacing a flip-flop with a logic constant 0. [GLO-12]
        : The instance is 'u_input_mem_ctrl/current_addr_reg[3]'.
Info    : Replacing a flip-flop with a logic constant 0. [GLO-12]
        : The instance is 'u_input_mem_ctrl/current_addr_reg[4]'.
Info    : Replacing a flip-flop with a logic constant 0. [GLO-12]
        : The instance is 'u_input_mem_ctrl/current_addr_reg[5]'.
Info    : Replacing a flip-flop with a logic constant 0. [GLO-12]
        : The instance is 'u_input_mem_ctrl/current_addr_reg[6]'.
Info    : Replacing a flip-flop with a logic constant 0. [GLO-12]
        : The instance is 'u_input_mem_ctrl/current_addr_reg[7]'.
Info    : Replacing a flip-flop with a logic constant 0. [GLO-12]
        : The instance is 'u_input_mem_ctrl/current_addr_reg[8]'.
Info    : Replacing a flip-flop with a logic constant 0. [GLO-12]
        : The instance is 'u_input_mem_ctrl/current_addr_reg[9]'.
Info    : Replacing a flip-flop with a logic constant 0. [GLO-12]
        : The instance is 'u_input_mem_ctrl/current_addr_reg[10]'.
Info    : Replacing a flip-flop with a logic constant 0. [GLO-12]
        : The instance is 'u_input_mem_ctrl/current_addr_reg[11]'.
Info    : Replacing a flip-flop with a logic constant 0. [GLO-12]
        : The instance is 'u_input_mem_ctrl/current_addr_reg[12]'.
Info    : Replacing a flip-flop with a logic constant 0. [GLO-12]
        : The instance is 'u_input_mem_ctrl/current_addr_reg[13]'.
Info    : Replacing a flip-flop with a logic constant 0. [GLO-12]
        : The instance is 'u_input_mem_ctrl/current_addr_reg[14]'.
Info    : Replacing a flip-flop with a logic constant 0. [GLO-12]
        : The instance is 'u_input_mem_ctrl/current_addr_reg[15]'.
Info    : Replacing a flip-flop with a logic constant 0. [GLO-12]
        : The instance is 'u_input_mem_ctrl/ping_reg[0]'.
Info    : Replacing a flip-flop with a logic constant 0. [GLO-12]
        : The instance is 'u_input_mem_ctrl/ping_reg[1]'.
Info    : Replacing a flip-flop with a logic constant 0. [GLO-12]
        : The instance is 'u_input_mem_ctrl/ping_reg[2]'.
Info    : Replacing a flip-flop with a logic constant 0. [GLO-12]
        : The instance is 'u_input_mem_ctrl/ping_reg[3]'.
Info    : Replacing a flip-flop with a logic constant 0. [GLO-12]
        : The instance is 'u_input_mem_ctrl/ping_reg[4]'.
Info    : Replacing a flip-flop with a logic constant 0. [GLO-12]
        : The instance is 'u_input_mem_ctrl/ping_reg[5]'.
Info    : Replacing a flip-flop with a logic constant 0. [GLO-12]
        : The instance is 'u_input_mem_ctrl/ping_reg[6]'.
Info    : Replacing a flip-flop with a logic constant 0. [GLO-12]
        : The instance is 'u_input_mem_ctrl/ping_reg[7]'.
Info    : Replacing a flip-flop with a logic constant 0. [GLO-12]
        : The instance is 'u_input_mem_ctrl/ping_reg[8]'.
Info    : Replacing a flip-flop with a logic constant 0. [GLO-12]
        : The instance is 'u_input_mem_ctrl/ping_reg[9]'.
Info    : Replacing a flip-flop with a logic constant 0. [GLO-12]
        : The instance is 'u_input_mem_ctrl/ping_reg[10]'.
Info    : Replacing a flip-flop with a logic constant 0. [GLO-12]
        : The instance is 'u_input_mem_ctrl/ping_reg[11]'.
Info    : Replacing a flip-flop with a logic constant 0. [GLO-12]
        : The instance is 'u_input_mem_ctrl/ping_reg[12]'.
Info    : Replacing a flip-flop with a logic constant 0. [GLO-12]
        : The instance is 'u_input_mem_ctrl/ping_reg[13]'.
Info    : Replacing a flip-flop with a logic constant 0. [GLO-12]
        : The instance is 'u_input_mem_ctrl/ping_reg[14]'.
Info    : Replacing a flip-flop with a logic constant 0. [GLO-12]
        : The instance is 'u_input_mem_ctrl/ping_reg[15]'.
Info    : Replacing a flip-flop with a logic constant 0. [GLO-12]
        : The instance is 'u_input_mem_ctrl/ping_reg[16]'.
Info    : Replacing a flip-flop with a logic constant 0. [GLO-12]
        : The instance is 'u_input_mem_ctrl/ping_reg[17]'.
Info    : Replacing a flip-flop with a logic constant 0. [GLO-12]
        : The instance is 'u_input_mem_ctrl/ping_reg[18]'.
Info    : Replacing a flip-flop with a logic constant 0. [GLO-12]
        : The instance is 'u_input_mem_ctrl/ping_reg[19]'.
Info    : Replacing a flip-flop with a logic constant 0. [GLO-12]
        : The instance is 'u_input_mem_ctrl/ping_reg[20]'.
Info    : Replacing a flip-flop with a logic constant 0. [GLO-12]
        : The instance is 'u_input_mem_ctrl/ping_reg[21]'.
Info    : Replacing a flip-flop with a logic constant 0. [GLO-12]
        : The instance is 'u_input_mem_ctrl/ping_reg[22]'.
Info    : Replacing a flip-flop with a logic constant 0. [GLO-12]
        : The instance is 'u_input_mem_ctrl/ping_reg[23]'.
Info    : Replacing a flip-flop with a logic constant 0. [GLO-12]
        : The instance is 'u_input_mem_ctrl/ping_reg[24]'.
Info    : Replacing a flip-flop with a logic constant 0. [GLO-12]
        : The instance is 'u_input_mem_ctrl/ping_reg[25]'.
Info    : Replacing a flip-flop with a logic constant 0. [GLO-12]
        : The instance is 'u_input_mem_ctrl/ping_reg[26]'.
Info    : Replacing a flip-flop with a logic constant 0. [GLO-12]
        : The instance is 'u_input_mem_ctrl/ping_reg[27]'.
Info    : Replacing a flip-flop with a logic constant 0. [GLO-12]
        : The instance is 'u_input_mem_ctrl/ping_reg[28]'.
Info    : Replacing a flip-flop with a logic constant 0. [GLO-12]
        : The instance is 'u_input_mem_ctrl/ping_reg[29]'.
Info    : Replacing a flip-flop with a logic constant 0. [GLO-12]
        : The instance is 'u_input_mem_ctrl/ping_reg[30]'.
Info    : Replacing a flip-flop with a logic constant 0. [GLO-12]
        : The instance is 'u_input_mem_ctrl/ping_reg[31]'.
Info    : Replacing a flip-flop with a logic constant 0. [GLO-12]
        : The instance is 'u_input_mem_ctrl/pong_reg[0][0]'.
Info    : Replacing a flip-flop with a logic constant 0. [GLO-12]
        : The instance is 'u_input_mem_ctrl/pong_reg[0][1]'.
Info    : Replacing a flip-flop with a logic constant 0. [GLO-12]
        : The instance is 'u_input_mem_ctrl/pong_reg[0][2]'.
Info    : Replacing a flip-flop with a logic constant 0. [GLO-12]
        : The instance is 'u_input_mem_ctrl/pong_reg[0][3]'.
Info    : Replacing a flip-flop with a logic constant 0. [GLO-12]
        : The instance is 'u_input_mem_ctrl/pong_reg[0][4]'.
Info    : Replacing a flip-flop with a logic constant 0. [GLO-12]
        : The instance is 'u_input_mem_ctrl/pong_reg[0][5]'.
Info    : Replacing a flip-flop with a logic constant 0. [GLO-12]
        : The instance is 'u_input_mem_ctrl/pong_reg[0][6]'.
Info    : Replacing a flip-flop with a logic constant 0. [GLO-12]
        : The instance is 'u_input_mem_ctrl/pong_reg[0][7]'.
Info    : Replacing a flip-flop with a logic constant 0. [GLO-12]
        : The instance is 'u_mult/pp1_r_reg[1]'.
Info    : Replacing a flip-flop with a logic constant 0. [GLO-12]
        : The instance is 'u_mult/pp2_r_reg[1]'.
Info    : Replacing a flip-flop with a logic constant 0. [GLO-12]
        : The instance is 'u_mult/pp2_r_reg[2]'.
Info    : Replacing a flip-flop with a logic constant 0. [GLO-12]
        : The instance is 'u_mult/pp2_r_reg[3]'.
Info    : Replacing a flip-flop with a logic constant 0. [GLO-12]
        : The instance is 'u_mult/pp3_r_reg[1]'.
Info    : Replacing a flip-flop with a logic constant 0. [GLO-12]
        : The instance is 'u_mult/pp3_r_reg[2]'.
Info    : Replacing a flip-flop with a logic constant 0. [GLO-12]
        : The instance is 'u_mult/pp3_r_reg[3]'.
Info    : Replacing a flip-flop with a logic constant 0. [GLO-12]
        : The instance is 'u_mult/pp3_r_reg[4]'.
Info    : Replacing a flip-flop with a logic constant 0. [GLO-12]
        : The instance is 'u_mult/pp3_r_reg[5]'.
Info    : Replacing a flip-flop with a logic constant 0. [GLO-12]
        : The instance is 'u_weight_mem_ctrl/current_addr_reg[4]'.
Info    : Replacing a flip-flop with a logic constant 0. [GLO-12]
        : The instance is 'u_weight_mem_ctrl/current_addr_reg[5]'.
Info    : Replacing a flip-flop with a logic constant 0. [GLO-12]
        : The instance is 'u_weight_mem_ctrl/current_addr_reg[6]'.
Info    : Replacing a flip-flop with a logic constant 0. [GLO-12]
        : The instance is 'u_weight_mem_ctrl/current_addr_reg[7]'.
Info    : Replacing a flip-flop with a logic constant 0. [GLO-12]
        : The instance is 'u_weight_mem_ctrl/current_addr_reg[8]'.
Info    : Replacing a flip-flop with a logic constant 0. [GLO-12]
        : The instance is 'u_weight_mem_ctrl/current_addr_reg[9]'.
Info    : Replacing a flip-flop with a logic constant 0. [GLO-12]
        : The instance is 'u_weight_mem_ctrl/current_addr_reg[10]'.
Info    : Replacing a flip-flop with a logic constant 0. [GLO-12]
        : The instance is 'u_weight_mem_ctrl/current_addr_reg[11]'.
Info    : Replacing a flip-flop with a logic constant 0. [GLO-12]
        : The instance is 'u_weight_mem_ctrl/current_addr_reg[12]'.
Info    : Replacing a flip-flop with a logic constant 0. [GLO-12]
        : The instance is 'u_weight_mem_ctrl/current_addr_reg[13]'.
Info    : Replacing a flip-flop with a logic constant 0. [GLO-12]
        : The instance is 'u_weight_mem_ctrl/current_addr_reg[14]'.
Info    : Replacing a flip-flop with a logic constant 0. [GLO-12]
        : The instance is 'u_weight_mem_ctrl/current_addr_reg[15]'.
Info    : Replacing a flip-flop with a logic constant 0. [GLO-12]
        : The instance is 'weight_mem/rdata_reg[0]'.
Info    : Replacing a flip-flop with a logic constant 0. [GLO-12]
        : The instance is 'weight_mem/rdata_reg[1]'.
Info    : Replacing a flip-flop with a logic constant 0. [GLO-12]
        : The instance is 'weight_mem/rdata_reg[2]'.
Info    : Replacing a flip-flop with a logic constant 0. [GLO-12]
        : The instance is 'weight_mem/rdata_reg[3]'.
Info    : Replacing a flip-flop with a logic constant 0. [GLO-12]
        : The instance is 'weight_mem/rdata_reg[4]'.
Info    : Replacing a flip-flop with a logic constant 0. [GLO-12]
        : The instance is 'weight_mem/rdata_reg[5]'.
Info    : Replacing a flip-flop with a logic constant 0. [GLO-12]
        : The instance is 'weight_mem/rdata_reg[6]'.
Info    : Replacing a flip-flop with a logic constant 0. [GLO-12]
        : The instance is 'weight_mem/rdata_reg[7]'.
Info    : Replacing a flip-flop with a logic constant 0. [GLO-12]
        : The instance is 'weight_mem/rdata_reg[8]'.
Info    : Replacing a flip-flop with a logic constant 0. [GLO-12]
        : The instance is 'weight_mem/rdata_reg[9]'.
Info    : Replacing a flip-flop with a logic constant 0. [GLO-12]
        : The instance is 'weight_mem/rdata_reg[10]'.
Info    : Replacing a flip-flop with a logic constant 0. [GLO-12]
        : The instance is 'weight_mem/rdata_reg[11]'.
Info    : Replacing a flip-flop with a logic constant 0. [GLO-12]
        : The instance is 'weight_mem/rdata_reg[12]'.
Info    : Replacing a flip-flop with a logic constant 0. [GLO-12]
        : The instance is 'weight_mem/rdata_reg[13]'.
Info    : Replacing a flip-flop with a logic constant 0. [GLO-12]
        : The instance is 'weight_mem/rdata_reg[14]'.
Info    : Replacing a flip-flop with a logic constant 0. [GLO-12]
        : The instance is 'weight_mem/rdata_reg[15]'.
Info    : Replacing a flip-flop with a logic constant 0. [GLO-12]
        : The instance is 'weight_mem/rdata_reg[16]'.
Info    : Replacing a flip-flop with a logic constant 0. [GLO-12]
        : The instance is 'weight_mem/rdata_reg[17]'.
Info    : Replacing a flip-flop with a logic constant 0. [GLO-12]
        : The instance is 'weight_mem/rdata_reg[18]'.
Info    : Replacing a flip-flop with a logic constant 0. [GLO-12]
        : The instance is 'weight_mem/rdata_reg[19]'.
Info    : Replacing a flip-flop with a logic constant 0. [GLO-12]
        : The instance is 'weight_mem/rdata_reg[20]'.
Info    : Replacing a flip-flop with a logic constant 0. [GLO-12]
        : The instance is 'weight_mem/rdata_reg[21]'.
Info    : Replacing a flip-flop with a logic constant 0. [GLO-12]
        : The instance is 'weight_mem/rdata_reg[22]'.
Info    : Replacing a flip-flop with a logic constant 0. [GLO-12]
        : The instance is 'weight_mem/rdata_reg[23]'.
Info    : Replacing a flip-flop with a logic constant 0. [GLO-12]
        : The instance is 'weight_mem/rdata_reg[24]'.
Info    : Replacing a flip-flop with a logic constant 0. [GLO-12]
        : The instance is 'weight_mem/rdata_reg[25]'.
Info    : Replacing a flip-flop with a logic constant 0. [GLO-12]
        : The instance is 'weight_mem/rdata_reg[26]'.
Info    : Replacing a flip-flop with a logic constant 0. [GLO-12]
        : The instance is 'weight_mem/rdata_reg[27]'.
Info    : Replacing a flip-flop with a logic constant 0. [GLO-12]
        : The instance is 'weight_mem/rdata_reg[28]'.
Info    : Replacing a flip-flop with a logic constant 0. [GLO-12]
        : The instance is 'weight_mem/rdata_reg[29]'.
Info    : Replacing a flip-flop with a logic constant 0. [GLO-12]
        : The instance is 'weight_mem/rdata_reg[30]'.
Info    : Replacing a flip-flop with a logic constant 0. [GLO-12]
        : The instance is 'weight_mem/rdata_reg[31]'.
Info    : Replacing a flip-flop with a logic constant 0. [GLO-12]
        : The instance is 'u_input_mem_ctrl/pong_reg[1][0]'.
Info    : Replacing a flip-flop with a logic constant 0. [GLO-12]
        : The instance is 'u_input_mem_ctrl/pong_reg[1][1]'.
Info    : Replacing a flip-flop with a logic constant 0. [GLO-12]
        : The instance is 'u_input_mem_ctrl/pong_reg[1][2]'.
Info    : Replacing a flip-flop with a logic constant 0. [GLO-12]
        : The instance is 'u_input_mem_ctrl/pong_reg[1][3]'.
Info    : Replacing a flip-flop with a logic constant 0. [GLO-12]
        : The instance is 'u_input_mem_ctrl/pong_reg[1][4]'.
Info    : Replacing a flip-flop with a logic constant 0. [GLO-12]
        : The instance is 'u_input_mem_ctrl/pong_reg[1][5]'.
Info    : Replacing a flip-flop with a logic constant 0. [GLO-12]
        : The instance is 'u_input_mem_ctrl/pong_reg[1][6]'.
Info    : Replacing a flip-flop with a logic constant 0. [GLO-12]
        : The instance is 'u_input_mem_ctrl/pong_reg[1][7]'.
Info    : Replacing a flip-flop with a logic constant 0. [GLO-12]
        : The instance is 'u_weight_mem_ctrl/ping_reg[0]'.
Info    : Replacing a flip-flop with a logic constant 0. [GLO-12]
        : The instance is 'u_weight_mem_ctrl/ping_reg[1]'.
Info    : Replacing a flip-flop with a logic constant 0. [GLO-12]
        : The instance is 'u_weight_mem_ctrl/ping_reg[2]'.
Info    : Replacing a flip-flop with a logic constant 0. [GLO-12]
        : The instance is 'u_weight_mem_ctrl/ping_reg[3]'.
Info    : Replacing a flip-flop with a logic constant 0. [GLO-12]
        : The instance is 'u_weight_mem_ctrl/ping_reg[4]'.
Info    : Replacing a flip-flop with a logic constant 0. [GLO-12]
        : The instance is 'u_weight_mem_ctrl/ping_reg[5]'.
Info    : Replacing a flip-flop with a logic constant 0. [GLO-12]
        : The instance is 'u_weight_mem_ctrl/ping_reg[6]'.
Info    : Replacing a flip-flop with a logic constant 0. [GLO-12]
        : The instance is 'u_weight_mem_ctrl/ping_reg[7]'.
Info    : Replacing a flip-flop with a logic constant 0. [GLO-12]
        : The instance is 'u_weight_mem_ctrl/ping_reg[8]'.
Info    : Replacing a flip-flop with a logic constant 0. [GLO-12]
        : The instance is 'u_weight_mem_ctrl/ping_reg[9]'.
Info    : Replacing a flip-flop with a logic constant 0. [GLO-12]
        : The instance is 'u_weight_mem_ctrl/ping_reg[10]'.
Info    : Replacing a flip-flop with a logic constant 0. [GLO-12]
        : The instance is 'u_weight_mem_ctrl/ping_reg[11]'.
Info    : Replacing a flip-flop with a logic constant 0. [GLO-12]
        : The instance is 'u_weight_mem_ctrl/ping_reg[12]'.
Info    : Replacing a flip-flop with a logic constant 0. [GLO-12]
        : The instance is 'u_weight_mem_ctrl/ping_reg[13]'.
Info    : Replacing a flip-flop with a logic constant 0. [GLO-12]
        : The instance is 'u_weight_mem_ctrl/ping_reg[14]'.
Info    : Replacing a flip-flop with a logic constant 0. [GLO-12]
        : The instance is 'u_weight_mem_ctrl/ping_reg[15]'.
Info    : Replacing a flip-flop with a logic constant 0. [GLO-12]
        : The instance is 'u_weight_mem_ctrl/ping_reg[16]'.
Info    : Replacing a flip-flop with a logic constant 0. [GLO-12]
        : The instance is 'u_weight_mem_ctrl/ping_reg[17]'.
Info    : Replacing a flip-flop with a logic constant 0. [GLO-12]
        : The instance is 'u_weight_mem_ctrl/ping_reg[18]'.
Info    : Replacing a flip-flop with a logic constant 0. [GLO-12]
        : The instance is 'u_weight_mem_ctrl/ping_reg[19]'.
Info    : Replacing a flip-flop with a logic constant 0. [GLO-12]
        : The instance is 'u_weight_mem_ctrl/ping_reg[20]'.
Info    : Replacing a flip-flop with a logic constant 0. [GLO-12]
        : The instance is 'u_weight_mem_ctrl/ping_reg[21]'.
Info    : Replacing a flip-flop with a logic constant 0. [GLO-12]
        : The instance is 'u_weight_mem_ctrl/ping_reg[22]'.
Info    : Replacing a flip-flop with a logic constant 0. [GLO-12]
        : The instance is 'u_weight_mem_ctrl/ping_reg[23]'.
Info    : Replacing a flip-flop with a logic constant 0. [GLO-12]
        : The instance is 'u_weight_mem_ctrl/ping_reg[24]'.
Info    : Replacing a flip-flop with a logic constant 0. [GLO-12]
        : The instance is 'u_weight_mem_ctrl/ping_reg[25]'.
Info    : Replacing a flip-flop with a logic constant 0. [GLO-12]
        : The instance is 'u_weight_mem_ctrl/ping_reg[26]'.
Info    : Replacing a flip-flop with a logic constant 0. [GLO-12]
        : The instance is 'u_weight_mem_ctrl/ping_reg[27]'.
Info    : Replacing a flip-flop with a logic constant 0. [GLO-12]
        : The instance is 'u_weight_mem_ctrl/ping_reg[28]'.
Info    : Replacing a flip-flop with a logic constant 0. [GLO-12]
        : The instance is 'u_weight_mem_ctrl/ping_reg[29]'.
Info    : Replacing a flip-flop with a logic constant 0. [GLO-12]
        : The instance is 'u_weight_mem_ctrl/ping_reg[30]'.
Info    : Replacing a flip-flop with a logic constant 0. [GLO-12]
        : The instance is 'u_weight_mem_ctrl/ping_reg[31]'.
Info    : Replacing a flip-flop with a logic constant 0. [GLO-12]
        : The instance is 'u_weight_mem_ctrl/pong_reg[0][0]'.
Info    : Replacing a flip-flop with a logic constant 0. [GLO-12]
        : The instance is 'u_weight_mem_ctrl/pong_reg[0][1]'.
Info    : Replacing a flip-flop with a logic constant 0. [GLO-12]
        : The instance is 'u_weight_mem_ctrl/pong_reg[0][2]'.
Info    : Replacing a flip-flop with a logic constant 0. [GLO-12]
        : The instance is 'u_weight_mem_ctrl/pong_reg[0][3]'.
Info    : Replacing a flip-flop with a logic constant 0. [GLO-12]
        : The instance is 'u_weight_mem_ctrl/pong_reg[0][4]'.
Info    : Replacing a flip-flop with a logic constant 0. [GLO-12]
        : The instance is 'u_weight_mem_ctrl/pong_reg[0][5]'.
Info    : Replacing a flip-flop with a logic constant 0. [GLO-12]
        : The instance is 'u_weight_mem_ctrl/pong_reg[0][6]'.
Info    : Replacing a flip-flop with a logic constant 0. [GLO-12]
        : The instance is 'u_weight_mem_ctrl/pong_reg[0][7]'.
Info    : Replacing a flip-flop with a logic constant 0. [GLO-12]
        : The instance is 'u_input_mem_ctrl/pong_reg[2][0]'.
Info    : Replacing a flip-flop with a logic constant 0. [GLO-12]
        : The instance is 'u_input_mem_ctrl/pong_reg[2][1]'.
Info    : Replacing a flip-flop with a logic constant 0. [GLO-12]
        : The instance is 'u_input_mem_ctrl/pong_reg[2][2]'.
Info    : Replacing a flip-flop with a logic constant 0. [GLO-12]
        : The instance is 'u_input_mem_ctrl/pong_reg[2][3]'.
Info    : Replacing a flip-flop with a logic constant 0. [GLO-12]
        : The instance is 'u_input_mem_ctrl/pong_reg[2][4]'.
Info    : Replacing a flip-flop with a logic constant 0. [GLO-12]
        : The instance is 'u_input_mem_ctrl/pong_reg[2][5]'.
Info    : Replacing a flip-flop with a logic constant 0. [GLO-12]
        : The instance is 'u_input_mem_ctrl/pong_reg[2][6]'.
Info    : Replacing a flip-flop with a logic constant 0. [GLO-12]
        : The instance is 'u_input_mem_ctrl/pong_reg[2][7]'.
Info    : Replacing a flip-flop with a logic constant 0. [GLO-12]
        : The instance is 'u_weight_mem_ctrl/pong_reg[1][0]'.
Info    : Replacing a flip-flop with a logic constant 0. [GLO-12]
        : The instance is 'u_weight_mem_ctrl/pong_reg[1][1]'.
Info    : Replacing a flip-flop with a logic constant 0. [GLO-12]
        : The instance is 'u_weight_mem_ctrl/pong_reg[1][2]'.
Info    : Replacing a flip-flop with a logic constant 0. [GLO-12]
        : The instance is 'u_weight_mem_ctrl/pong_reg[1][3]'.
Info    : Replacing a flip-flop with a logic constant 0. [GLO-12]
        : The instance is 'u_weight_mem_ctrl/pong_reg[1][4]'.
Info    : Replacing a flip-flop with a logic constant 0. [GLO-12]
        : The instance is 'u_weight_mem_ctrl/pong_reg[1][5]'.
Info    : Replacing a flip-flop with a logic constant 0. [GLO-12]
        : The instance is 'u_weight_mem_ctrl/pong_reg[1][6]'.
Info    : Replacing a flip-flop with a logic constant 0. [GLO-12]
        : The instance is 'u_weight_mem_ctrl/pong_reg[1][7]'.
Info    : Replacing a flip-flop with a logic constant 0. [GLO-12]
        : The instance is 'u_input_mem_ctrl/pong_reg[3][0]'.
Info    : Replacing a flip-flop with a logic constant 0. [GLO-12]
        : The instance is 'u_input_mem_ctrl/pong_reg[3][1]'.
Info    : Replacing a flip-flop with a logic constant 0. [GLO-12]
        : The instance is 'u_input_mem_ctrl/pong_reg[3][2]'.
Info    : Replacing a flip-flop with a logic constant 0. [GLO-12]
        : The instance is 'u_input_mem_ctrl/pong_reg[3][3]'.
Info    : Replacing a flip-flop with a logic constant 0. [GLO-12]
        : The instance is 'u_input_mem_ctrl/pong_reg[3][4]'.
Info    : Replacing a flip-flop with a logic constant 0. [GLO-12]
        : The instance is 'u_input_mem_ctrl/pong_reg[3][5]'.
Info    : Replacing a flip-flop with a logic constant 0. [GLO-12]
        : The instance is 'u_input_mem_ctrl/pong_reg[3][6]'.
Info    : Replacing a flip-flop with a logic constant 0. [GLO-12]
        : The instance is 'u_input_mem_ctrl/pong_reg[3][7]'.
Info    : Replacing a flip-flop with a logic constant 0. [GLO-12]
        : The instance is 'u_weight_mem_ctrl/pong_reg[2][0]'.
Info    : Replacing a flip-flop with a logic constant 0. [GLO-12]
        : The instance is 'u_weight_mem_ctrl/pong_reg[2][1]'.
Info    : Replacing a flip-flop with a logic constant 0. [GLO-12]
        : The instance is 'u_weight_mem_ctrl/pong_reg[2][2]'.
Info    : Replacing a flip-flop with a logic constant 0. [GLO-12]
        : The instance is 'u_weight_mem_ctrl/pong_reg[2][3]'.
Info    : Replacing a flip-flop with a logic constant 0. [GLO-12]
        : The instance is 'u_weight_mem_ctrl/pong_reg[2][4]'.
Info    : Replacing a flip-flop with a logic constant 0. [GLO-12]
        : The instance is 'u_weight_mem_ctrl/pong_reg[2][5]'.
Info    : Replacing a flip-flop with a logic constant 0. [GLO-12]
        : The instance is 'u_weight_mem_ctrl/pong_reg[2][6]'.
Info    : Replacing a flip-flop with a logic constant 0. [GLO-12]
        : The instance is 'u_weight_mem_ctrl/pong_reg[2][7]'.
Info    : Replacing a flip-flop with a logic constant 0. [GLO-12]
        : The instance is 'u_weight_mem_ctrl/pong_reg[3][0]'.
Info    : Replacing a flip-flop with a logic constant 0. [GLO-12]
        : The instance is 'u_weight_mem_ctrl/pong_reg[3][1]'.
Info    : Replacing a flip-flop with a logic constant 0. [GLO-12]
        : The instance is 'u_weight_mem_ctrl/pong_reg[3][2]'.
Info    : Replacing a flip-flop with a logic constant 0. [GLO-12]
        : The instance is 'u_weight_mem_ctrl/pong_reg[3][3]'.
Info    : Replacing a flip-flop with a logic constant 0. [GLO-12]
        : The instance is 'u_weight_mem_ctrl/pong_reg[3][4]'.
Info    : Replacing a flip-flop with a logic constant 0. [GLO-12]
        : The instance is 'u_weight_mem_ctrl/pong_reg[3][5]'.
Info    : Replacing a flip-flop with a logic constant 0. [GLO-12]
        : The instance is 'u_weight_mem_ctrl/pong_reg[3][6]'.
Info    : Replacing a flip-flop with a logic constant 0. [GLO-12]
        : The instance is 'u_weight_mem_ctrl/pong_reg[3][7]'.
Info    : Replacing a flip-flop with a logic constant 0. [GLO-12]
        : The instance is 'addr_aux_reg[1]'.
Info    : Replacing a flip-flop with a logic constant 0. [GLO-12]
        : The instance is 'addr_aux_reg[2]'.
Info    : Replacing a flip-flop with a logic constant 0. [GLO-12]
        : The instance is 'addr_aux_reg[3]'.
Info    : Replacing a flip-flop with a logic constant 0. [GLO-12]
        : The instance is 'addr_aux_reg[4]'.
Info    : Replacing a flip-flop with a logic constant 0. [GLO-12]
        : The instance is 'addr_aux_reg[5]'.
Info    : Replacing a flip-flop with a logic constant 0. [GLO-12]
        : The instance is 'addr_aux_reg[6]'.
Info    : Replacing a flip-flop with a logic constant 0. [GLO-12]
        : The instance is 'addr_aux_reg[7]'.
Info    : Replacing a flip-flop with a logic constant 0. [GLO-12]
        : The instance is 'addr_aux_reg[8]'.
Info    : Replacing a flip-flop with a logic constant 0. [GLO-12]
        : The instance is 'addr_aux_reg[9]'.
Info    : Replacing a flip-flop with a logic constant 0. [GLO-12]
        : The instance is 'addr_aux_reg[10]'.
Info    : Replacing a flip-flop with a logic constant 0. [GLO-12]
        : The instance is 'addr_aux_reg[11]'.
Info    : Replacing a flip-flop with a logic constant 0. [GLO-12]
        : The instance is 'addr_aux_reg[12]'.
Info    : Replacing a flip-flop with a logic constant 0. [GLO-12]
        : The instance is 'addr_aux_reg[13]'.
Info    : Replacing a flip-flop with a logic constant 0. [GLO-12]
        : The instance is 'addr_aux_reg[14]'.
Info    : Replacing a flip-flop with a logic constant 0. [GLO-12]
        : The instance is 'addr_aux_reg[15]'.
Info    : Replacing a flip-flop with a logic constant 0. [GLO-12]
        : The instance is 'input_mem/latched_addr_reg[1]'.
Info    : Replacing a flip-flop with a logic constant 0. [GLO-12]
        : The instance is 'input_mem/latched_addr_reg[2]'.
Info    : Replacing a flip-flop with a logic constant 0. [GLO-12]
        : The instance is 'input_mem/latched_addr_reg[3]'.
Info    : Replacing a flip-flop with a logic constant 0. [GLO-12]
        : The instance is 'input_mem/latched_addr_reg[4]'.
Info    : Replacing a flip-flop with a logic constant 0. [GLO-12]
        : The instance is 'input_mem/latched_addr_reg[5]'.
Info    : Replacing a flip-flop with a logic constant 0. [GLO-12]
        : The instance is 'input_mem/latched_addr_reg[6]'.
Info    : Replacing a flip-flop with a logic constant 0. [GLO-12]
        : The instance is 'input_mem/latched_addr_reg[7]'.
Info    : Replacing a flip-flop with a logic constant 0. [GLO-12]
        : The instance is 'u_mult/pp0_r_reg[0]'.
Info    : Replacing a flip-flop with a logic constant 0. [GLO-12]
        : The instance is 'u_mult/pp0_r_reg[1]'.
Info    : Replacing a flip-flop with a logic constant 0. [GLO-12]
        : The instance is 'u_mult/pp0_r_reg[2]'.
Info    : Replacing a flip-flop with a logic constant 0. [GLO-12]
        : The instance is 'u_mult/pp0_r_reg[3]'.
Info    : Replacing a flip-flop with a logic constant 0. [GLO-12]
        : The instance is 'u_mult/pp0_r_reg[4]'.
Info    : Replacing a flip-flop with a logic constant 0. [GLO-12]
        : The instance is 'u_mult/pp0_r_reg[5]'.
Info    : Replacing a flip-flop with a logic constant 0. [GLO-12]
        : The instance is 'u_mult/pp0_r_reg[6]'.
Info    : Replacing a flip-flop with a logic constant 0. [GLO-12]
        : The instance is 'u_mult/pp0_r_reg[7]'.
Info    : Replacing a flip-flop with a logic constant 0. [GLO-12]
        : The instance is 'u_mult/pp0_r_reg[8]'.
Info    : Replacing a flip-flop with a logic constant 0. [GLO-12]
        : The instance is 'u_mult/pp0_r_reg[9]'.
Info    : Replacing a flip-flop with a logic constant 0. [GLO-12]
        : The instance is 'u_mult/pp0_r_reg[10]'.
Info    : Replacing a flip-flop with a logic constant 0. [GLO-12]
        : The instance is 'u_mult/pp0_r_reg[11]'.
Info    : Replacing a flip-flop with a logic constant 0. [GLO-12]
        : The instance is 'u_mult/pp0_r_reg[12]'.
Info    : Replacing a flip-flop with a logic constant 0. [GLO-12]
        : The instance is 'u_mult/pp0_r_reg[13]'.
Info    : Replacing a flip-flop with a logic constant 0. [GLO-12]
        : The instance is 'u_mult/pp0_r_reg[14]'.
Info    : Replacing a flip-flop with a logic constant 0. [GLO-12]
        : The instance is 'u_mult/pp0_r_reg[15]'.
Info    : Replacing a flip-flop with a logic constant 0. [GLO-12]
        : The instance is 'u_mult/pp1_r_reg[2]'.
Info    : Replacing a flip-flop with a logic constant 0. [GLO-12]
        : The instance is 'u_mult/pp1_r_reg[3]'.
Info    : Replacing a flip-flop with a logic constant 0. [GLO-12]
        : The instance is 'u_mult/pp1_r_reg[4]'.
Info    : Replacing a flip-flop with a logic constant 0. [GLO-12]
        : The instance is 'u_mult/pp1_r_reg[5]'.
Info    : Replacing a flip-flop with a logic constant 0. [GLO-12]
        : The instance is 'u_mult/pp1_r_reg[6]'.
Info    : Replacing a flip-flop with a logic constant 0. [GLO-12]
        : The instance is 'u_mult/pp1_r_reg[7]'.
Info    : Replacing a flip-flop with a logic constant 0. [GLO-12]
        : The instance is 'u_mult/pp1_r_reg[8]'.
Info    : Replacing a flip-flop with a logic constant 0. [GLO-12]
        : The instance is 'u_mult/pp1_r_reg[9]'.
Info    : Replacing a flip-flop with a logic constant 0. [GLO-12]
        : The instance is 'u_mult/pp1_r_reg[10]'.
Info    : Replacing a flip-flop with a logic constant 0. [GLO-12]
        : The instance is 'u_mult/pp1_r_reg[11]'.
Info    : Replacing a flip-flop with a logic constant 0. [GLO-12]
        : The instance is 'u_mult/pp1_r_reg[12]'.
Info    : Replacing a flip-flop with a logic constant 0. [GLO-12]
        : The instance is 'u_mult/pp1_r_reg[13]'.
Info    : Replacing a flip-flop with a logic constant 0. [GLO-12]
        : The instance is 'u_mult/pp1_r_reg[14]'.
Info    : Replacing a flip-flop with a logic constant 0. [GLO-12]
        : The instance is 'u_mult/pp1_r_reg[15]'.
Info    : Replacing a flip-flop with a logic constant 0. [GLO-12]
        : The instance is 'u_mult/pp2_r_reg[4]'.
Info    : Replacing a flip-flop with a logic constant 0. [GLO-12]
        : The instance is 'u_mult/pp2_r_reg[5]'.
Info    : Replacing a flip-flop with a logic constant 0. [GLO-12]
        : The instance is 'u_mult/pp2_r_reg[6]'.
Info    : Replacing a flip-flop with a logic constant 0. [GLO-12]
        : The instance is 'u_mult/pp2_r_reg[7]'.
Info    : Replacing a flip-flop with a logic constant 0. [GLO-12]
        : The instance is 'u_mult/pp2_r_reg[8]'.
Info    : Replacing a flip-flop with a logic constant 0. [GLO-12]
        : The instance is 'u_mult/pp2_r_reg[9]'.
Info    : Replacing a flip-flop with a logic constant 0. [GLO-12]
        : The instance is 'u_mult/pp2_r_reg[10]'.
Info    : Replacing a flip-flop with a logic constant 0. [GLO-12]
        : The instance is 'u_mult/pp2_r_reg[11]'.
Info    : Replacing a flip-flop with a logic constant 0. [GLO-12]
        : The instance is 'u_mult/pp2_r_reg[12]'.
Info    : Replacing a flip-flop with a logic constant 0. [GLO-12]
        : The instance is 'u_mult/pp2_r_reg[13]'.
Info    : Replacing a flip-flop with a logic constant 0. [GLO-12]
        : The instance is 'u_mult/pp2_r_reg[14]'.
Info    : Replacing a flip-flop with a logic constant 0. [GLO-12]
        : The instance is 'u_mult/pp2_r_reg[15]'.
Info    : Replacing a flip-flop with a logic constant 0. [GLO-12]
        : The instance is 'u_mult/pp3_r_reg[6]'.
Info    : Replacing a flip-flop with a logic constant 0. [GLO-12]
        : The instance is 'u_mult/pp3_r_reg[7]'.
Info    : Replacing a flip-flop with a logic constant 0. [GLO-12]
        : The instance is 'u_mult/pp3_r_reg[8]'.
Info    : Replacing a flip-flop with a logic constant 0. [GLO-12]
        : The instance is 'u_mult/pp3_r_reg[9]'.
Info    : Replacing a flip-flop with a logic constant 0. [GLO-12]
        : The instance is 'u_mult/pp3_r_reg[10]'.
Info    : Replacing a flip-flop with a logic constant 0. [GLO-12]
        : The instance is 'u_mult/pp3_r_reg[11]'.
Info    : Replacing a flip-flop with a logic constant 0. [GLO-12]
        : The instance is 'u_mult/pp3_r_reg[12]'.
Info    : Replacing a flip-flop with a logic constant 0. [GLO-12]
        : The instance is 'u_mult/pp3_r_reg[13]'.
Info    : Replacing a flip-flop with a logic constant 0. [GLO-12]
        : The instance is 'u_mult/pp3_r_reg[14]'.
Info    : Replacing a flip-flop with a logic constant 0. [GLO-12]
        : The instance is 'u_mult/pp3_r_reg[15]'.
Info    : Replacing a flip-flop with a logic constant 0. [GLO-12]
        : The instance is 'weight_mem/latched_addr_reg[4]'.
Info    : Replacing a flip-flop with a logic constant 0. [GLO-12]
        : The instance is 'weight_mem/latched_addr_reg[5]'.
Info    : Replacing a flip-flop with a logic constant 0. [GLO-12]
        : The instance is 'weight_mem/latched_addr_reg[6]'.
Info    : Replacing a flip-flop with a logic constant 0. [GLO-12]
        : The instance is 'weight_mem/latched_addr_reg[7]'.
Info    : Replacing a flip-flop with a logic constant 0. [GLO-12]
        : The instance is 'u_mult/p_r_reg[0]'.
Info    : Replacing a flip-flop with a logic constant 0. [GLO-12]
        : The instance is 'u_mult/p_r_reg[1]'.
Info    : Replacing a flip-flop with a logic constant 0. [GLO-12]
        : The instance is 'u_mult/p_r_reg[2]'.
Info    : Replacing a flip-flop with a logic constant 0. [GLO-12]
        : The instance is 'u_mult/p_r_reg[3]'.
Info    : Replacing a flip-flop with a logic constant 0. [GLO-12]
        : The instance is 'u_mult/p_r_reg[4]'.
Info    : Replacing a flip-flop with a logic constant 0. [GLO-12]
        : The instance is 'u_mult/p_r_reg[5]'.
Info    : Replacing a flip-flop with a logic constant 0. [GLO-12]
        : The instance is 'u_mult/p_r_reg[6]'.
Info    : Replacing a flip-flop with a logic constant 0. [GLO-12]
        : The instance is 'u_mult/p_r_reg[7]'.
Info    : Replacing a flip-flop with a logic constant 0. [GLO-12]
        : The instance is 'u_mult/p_r_reg[8]'.
Info    : Replacing a flip-flop with a logic constant 0. [GLO-12]
        : The instance is 'u_mult/p_r_reg[9]'.
Info    : Replacing a flip-flop with a logic constant 0. [GLO-12]
        : The instance is 'u_mult/p_r_reg[10]'.
Info    : Replacing a flip-flop with a logic constant 0. [GLO-12]
        : The instance is 'u_mult/p_r_reg[11]'.
Info    : Replacing a flip-flop with a logic constant 0. [GLO-12]
        : The instance is 'u_mult/p_r_reg[12]'.
Info    : Replacing a flip-flop with a logic constant 0. [GLO-12]
        : The instance is 'u_mult/p_r_reg[13]'.
Info    : Replacing a flip-flop with a logic constant 0. [GLO-12]
        : The instance is 'u_mult/p_r_reg[14]'.
Info    : Replacing a flip-flop with a logic constant 0. [GLO-12]
        : The instance is 'u_mult/p_r_reg[15]'.
Info    : Replacing a flip-flop with a logic constant 0. [GLO-12]
        : The instance is 'acc_o_reg[0]'.
Info    : Replacing a flip-flop with a logic constant 0. [GLO-12]
        : The instance is 'acc_o_reg[1]'.
Info    : Replacing a flip-flop with a logic constant 0. [GLO-12]
        : The instance is 'acc_o_reg[2]'.
Info    : Replacing a flip-flop with a logic constant 0. [GLO-12]
        : The instance is 'acc_o_reg[3]'.
Info    : Replacing a flip-flop with a logic constant 0. [GLO-12]
        : The instance is 'acc_o_reg[4]'.
Info    : Replacing a flip-flop with a logic constant 0. [GLO-12]
        : The instance is 'acc_o_reg[5]'.
Info    : Replacing a flip-flop with a logic constant 0. [GLO-12]
        : The instance is 'acc_o_reg[6]'.
Info    : Replacing a flip-flop with a logic constant 0. [GLO-12]
        : The instance is 'acc_o_reg[7]'.
Info    : Replacing a flip-flop with a logic constant 0. [GLO-12]
        : The instance is 'acc_o_reg[8]'.
Info    : Replacing a flip-flop with a logic constant 0. [GLO-12]
        : The instance is 'acc_o_reg[9]'.
Info    : Replacing a flip-flop with a logic constant 0. [GLO-12]
        : The instance is 'acc_o_reg[10]'.
Info    : Replacing a flip-flop with a logic constant 0. [GLO-12]
        : The instance is 'acc_o_reg[11]'.
Info    : Replacing a flip-flop with a logic constant 0. [GLO-12]
        : The instance is 'acc_o_reg[12]'.
Info    : Replacing a flip-flop with a logic constant 0. [GLO-12]
        : The instance is 'acc_o_reg[13]'.
Info    : Replacing a flip-flop with a logic constant 0. [GLO-12]
        : The instance is 'acc_o_reg[14]'.
Info    : Replacing a flip-flop with a logic constant 0. [GLO-12]
        : The instance is 'acc_o_reg[15]'.
Info    : Replacing a flip-flop with a logic constant 0. [GLO-12]
        : The instance is 'acc_o_reg[16]'.
Info    : Replacing a flip-flop with a logic constant 0. [GLO-12]
        : The instance is 'acc_o_reg[17]'.
Info    : Replacing a flip-flop with a logic constant 0. [GLO-12]
        : The instance is 'acc_o_reg[18]'.
Info    : Replacing a flip-flop with a logic constant 0. [GLO-12]
        : The instance is 'acc_o_reg[19]'.
Info    : Replacing a flip-flop with a logic constant 0. [GLO-12]
        : The instance is 'acc_o_reg[20]'.
Info    : Replacing a flip-flop with a logic constant 0. [GLO-12]
        : The instance is 'acc_o_reg[21]'.
Info    : Replacing a flip-flop with a logic constant 0. [GLO-12]
        : The instance is 'acc_o_reg[22]'.
Info    : Replacing a flip-flop with a logic constant 0. [GLO-12]
        : The instance is 'acc_o_reg[23]'.
Info    : Replacing a flip-flop with a logic constant 0. [GLO-12]
        : The instance is 'acc_o_reg[24]'.
Info    : Replacing a flip-flop with a logic constant 0. [GLO-12]
        : The instance is 'acc_o_reg[25]'.
Info    : Replacing a flip-flop with a logic constant 0. [GLO-12]
        : The instance is 'acc_o_reg[26]'.
Info    : Replacing a flip-flop with a logic constant 0. [GLO-12]
        : The instance is 'acc_o_reg[27]'.
Info    : Replacing a flip-flop with a logic constant 0. [GLO-12]
        : The instance is 'acc_o_reg[28]'.
Info    : Replacing a flip-flop with a logic constant 0. [GLO-12]
        : The instance is 'acc_o_reg[29]'.
Info    : Replacing a flip-flop with a logic constant 0. [GLO-12]
        : The instance is 'acc_o_reg[30]'.
Info    : Replacing a flip-flop with a logic constant 0. [GLO-12]
        : The instance is 'acc_o_reg[31]'.
...done running DP early constant propagation (netlist only_srams).
Info    : Deleting instances not driving any primary outputs. [GLO-34]
        : Deleting 411 sequential instances.
        : Optimizations such as constant propagation or redundancy removal could change the connections so a hierarchical instance does not drive any primary outputs anymore. To see the list of deleted hierarchical instances, set the 'information_level' attribute to 2 or above. If the message is truncated set the message attribute 'truncate' to false to see the complete list. To prevent this optimization, set the 'delete_unloaded_insts' root/subdesign attribute to 'false' or 'preserve' instance attribute to 'true'.
Info    : Deleting instances not driving any primary outputs. [GLO-34]
        : Deleting 28 hierarchical instances.
Current PLE settings:

Aspect ratio        : 1.000
Shrink factor       : 1.000
Scale of res/length : 1.000
Scale of cap/length : 1.000
Net derating factor : 1.000
Thermal factor      : 1.000
Via Resistance      : 0.000 ohm (from default)
Site size           : 1.910 um (from lef [tech+cell])

                                   Capacitance  
  Layer                             / Length         Data source:
Name        Direction Utilization  (pF/micron)       lef_library
------------------------------------------------
Metal1          H         0.00        0.000412  
Metal2          V         1.00        0.000416  
Metal3          H         1.00        0.000416  
Metal4          V         1.00        0.000416  
Metal5          H         1.00        0.000416  
Metal6          V         1.00        0.000416  
Metal7          H         1.00        0.000416  
Metal8          V         1.00        0.000416  
Metal9          H         1.00        0.000416  
Metal10         V         1.00        0.000444  
Metal11         H         1.00        0.000444  

                                    Resistance   
  Layer                              / Length         Data source:
Name        Direction Utilization  (ohm/micron)       lef_library
-------------------------------------------------
Metal1          H         0.00         1.226667  
Metal2          V         1.00         0.755000  
Metal3          H         1.00         0.755000  
Metal4          V         1.00         0.755000  
Metal5          H         1.00         0.755000  
Metal6          V         1.00         0.755000  
Metal7          H         1.00         0.755000  
Metal8          V         1.00         0.267500  
Metal9          H         1.00         0.267500  
Metal10         V         1.00         0.097273  
Metal11         H         1.00         0.095455  

                                        Area     
  Layer                               / Length        Data source:
Name        Direction Utilization     (micron)        lef_library
-------------------------------------------------
Metal1          H         0.00         0.060000  
Metal2          V         1.00         0.080000  
Metal3          H         1.00         0.080000  
Metal4          V         1.00         0.080000  
Metal5          H         1.00         0.080000  
Metal6          V         1.00         0.080000  
Metal7          H         1.00         0.080000  
Metal8          V         1.00         0.080000  
Metal9          H         1.00         0.080000  
Metal10         V         1.00         0.220000  
Metal11         H         1.00         0.220000  

Info    : Synthesizing. [SYNTH-1]
        : Synthesizing 'only_srams' to generic gates using 'medium' effort.
Running Synthesis Turbo Flow Version 2.
PBS_Generic-Start - Elapsed_Time 0, CPU_Time 0.0
stamp 'PBS_Generic-Start' being created for table 'pbs_debug'

  Total Time (Wall) |  Stage Time (Wall)  |   % (Wall)   |    Date - Time     |  Memory   | Stage
--------------------+---------------------+--------------+--------------------+-----------+----------------------
 00:00:17(00:00:10) |  00:00:00(00:00:00) |   0.0(  0.0) |   14:38:19 (Aug31) |  579.3 MB | PBS_Generic-Start
--------------------+---------------------+--------------+--------------------+-----------+----------------------
Number of threads: 8 * 1   (id: pbs_debug, time_info v1.57)
Info: (*N*) indicates data that was populated from previously saved time_info database
Info: CPU time includes time of parent + longest thread
Info    : Partition Based Synthesis execution skipped. [PHYS-752]
        : Design size is less than the partition size '100000' for distributed generic optimization to kick in.
Starting mux data reorder optimization [v1.0] (stage: pre_to_gen_setup, startdef: only_srams, recur: true)
Completed mux data reorder optimization (accepts: 0, rejects: 0, runtime: 0.000s)

Stage: pre_to_gen_setup
-----------------------------------------------------
| Transform       | Accepts | Rejects | Runtime (s) | 
-----------------------------------------------------
| hlo_mux_reorder |       0 |       0 |        0.00 | 
-----------------------------------------------------
Starting mux data reorder optimization [v1.0] (stage: post_to_gen_setup, startdef: only_srams, recur: true)
Completed mux data reorder optimization (accepts: 0, rejects: 0, runtime: 0.000s)

Stage: post_to_gen_setup
-----------------------------------------------------
| Transform       | Accepts | Rejects | Runtime (s) | 
-----------------------------------------------------
| hlo_mux_reorder |       0 |       0 |        0.00 | 
-----------------------------------------------------
Current PLE settings:

Aspect ratio        : 1.000
Shrink factor       : 1.000
Scale of res/length : 1.000
Scale of cap/length : 1.000
Net derating factor : 1.000
Thermal factor      : 1.000
Via Resistance      : 0.000 ohm (from default)
Site size           : 1.910 um (from lef [tech+cell])

                                   Capacitance  
  Layer                             / Length         Data source:
Name        Direction Utilization  (pF/micron)       lef_library
------------------------------------------------
Metal1          H         0.00        0.000412  
Metal2          V         1.00        0.000416  
Metal3          H         1.00        0.000416  
Metal4          V         1.00        0.000416  
Metal5          H         1.00        0.000416  
Metal6          V         1.00        0.000416  
Metal7          H         1.00        0.000416  
Metal8          V         1.00        0.000416  
Metal9          H         1.00        0.000416  
Metal10         V         1.00        0.000444  
Metal11         H         1.00        0.000444  

                                    Resistance   
  Layer                              / Length         Data source:
Name        Direction Utilization  (ohm/micron)       lef_library
-------------------------------------------------
Metal1          H         0.00         1.226667  
Metal2          V         1.00         0.755000  
Metal3          H         1.00         0.755000  
Metal4          V         1.00         0.755000  
Metal5          H         1.00         0.755000  
Metal6          V         1.00         0.755000  
Metal7          H         1.00         0.755000  
Metal8          V         1.00         0.267500  
Metal9          H         1.00         0.267500  
Metal10         V         1.00         0.097273  
Metal11         H         1.00         0.095455  

                                        Area     
  Layer                               / Length        Data source:
Name        Direction Utilization     (micron)        lef_library
-------------------------------------------------
Metal1          H         0.00         0.060000  
Metal2          V         1.00         0.080000  
Metal3          H         1.00         0.080000  
Metal4          V         1.00         0.080000  
Metal5          H         1.00         0.080000  
Metal6          V         1.00         0.080000  
Metal7          H         1.00         0.080000  
Metal8          V         1.00         0.080000  
Metal9          H         1.00         0.080000  
Metal10         V         1.00         0.220000  
Metal11         H         1.00         0.220000  

Running Unified Mux Engine Tricks...
Completed Unified Mux Engine Tricks

Stage: pre_hlo_rtlopt
-----------------------------------------------
| Trick     | Accepts | Rejects | Runtime (s) | 
-----------------------------------------------
| ume_ssm   |       0 |       0 |        0.00 | 
| ume_sweep |       0 |       0 |        0.00 | 
| ume_share |       0 |       0 |        0.00 | 
-----------------------------------------------
Begin SDR optimization 
  Setting attribute of root '/': 'hier_sandbox_support_folded' = 1
#Special hiers formed inside booth_radix4 = 0
#Special hiers formed inside mem_controller_1 = 0
#Special hiers formed inside mem_model_ADDR_WIDTH16_DATA_WIDTH32_MEM_WORDS256_LATENCY2_MEM_FILE80h646174612f782e686578 = 0
#Special hiers formed inside only_srams = 0
  Setting attribute of root '/': 'hier_sandbox_support_folded' = 0
No special hier is found 
End SDR optimization 
Starting recase case-box optimization [v1.0] (stage: pre_rtlopt, startdef: only_srams, recur: true)
Completed recase case-box optimization (accepts: 0, rejects: 0, runtime: 0.004s)
Starting infer macro optimization [v1.0] (stage: pre_rtlopt, startdef: only_srams, recur: true)
Completed infer macro optimization (accepts: 0, rejects: 9, runtime: 0.001s)
Starting decode mux sandwich optimization [v2.0] (stage: pre_rtlopt, startdef: only_srams, recur: true)
Completed decode mux sandwich optimization (accepts: 0, rejects: 0, runtime: 0.000s)
Starting decode mux optimization [v1.0] (stage: pre_rtlopt, startdef: only_srams, recur: true)
Completed decode mux optimization (accepts: 0, rejects: 0, runtime: 0.000s)
Starting chop wide muxes [v1.0] (stage: pre_rtlopt, startdef: only_srams, recur: true)
Completed chop wide muxes (accepts: 0, rejects: 0, runtime: 0.000s)
Starting common data mux cascade opt [v1.0] (stage: pre_rtlopt, startdef: only_srams, recur: true)
Completed common data mux cascade opt (accepts: 0, rejects: 0, runtime: 0.000s)
Starting mux input consolidation [v1.0] (stage: pre_rtlopt, startdef: only_srams, recur: true)
Completed mux input consolidation (accepts: 0, rejects: 0, runtime: 0.000s)
Starting constant-data mux optimization [v1.0] (stage: pre_rtlopt, startdef: only_srams, recur: true)
Completed constant-data mux optimization (accepts: 0, rejects: 0, runtime: 0.000s)
Starting chain-to-tree inequality transform [v2.0] (stage: pre_rtlopt, startdef: only_srams, recur: true)
Completed chain-to-tree inequality transform (accepts: 0, rejects: 0, runtime: 0.002s)
Starting reconvergence optimization [v1.0] (stage: pre_rtlopt, startdef: only_srams, recur: true)
Completed reconvergence optimization (accepts: 0, rejects: 0, runtime: 0.000s)
Starting logic restructure optimization [v1.0] (stage: pre_rtlopt, startdef: only_srams, recur: true)
Completed logic restructure optimization (accepts: 0, rejects: 0, runtime: 0.001s)
Starting identity transform [v3.0] (stage: pre_rtlopt, startdef: only_srams, recur: true)
Completed identity transform (accepts: 0, rejects: 0, runtime: 0.000s)
Starting reduce operator chain [v1.0] (stage: pre_rtlopt, startdef: only_srams, recur: true)
Completed reduce operator chain (accepts: 0, rejects: 0, runtime: 0.000s)
Starting common data mux cascade opt [v1.0] (stage: pre_rtlopt, startdef: only_srams, recur: true)
Completed common data mux cascade opt (accepts: 0, rejects: 0, runtime: 0.000s)
Starting mux input consolidation [v1.0] (stage: pre_rtlopt, startdef: only_srams, recur: true)
Completed mux input consolidation (accepts: 0, rejects: 0, runtime: 0.000s)
Starting optimize datapath elements [v1.0] (stage: pre_rtlopt, startdef: only_srams, recur: true)
Completed optimize datapath elements (accepts: 1, rejects: 0, runtime: 0.001s)
Starting datapath recasting [v1.0] (stage: pre_rtlopt, startdef: only_srams, recur: true)
Completed datapath recasting (accepts: 0, rejects: 0, runtime: 0.000s)
Starting word-level redundancy removal [v1.0] (stage: pre_rtlopt, startdef: only_srams, recur: true)
Completed word-level redundancy removal (accepts: 0, rejects: 0, runtime: 0.014s)
Starting clip mux common data inputs [v1.0] (stage: pre_rtlopt, startdef: only_srams, recur: true)
Completed clip mux common data inputs (accepts: 1, rejects: 0, runtime: 0.001s)
Starting clip the non-user hierarchies [v2.0] (stage: pre_rtlopt, startdef: only_srams, recur: true)
Completed clip the non-user hierarchies (accepts: 0, rejects: 0, runtime: 0.000s)
Starting basic netlist cleanup [v1.0] (stage: pre_rtlopt, startdef: only_srams, recur: true)
Completed basic netlist cleanup (accepts: 0, rejects: 0, runtime: 0.000s)

Stage: pre_rtlopt
-----------------------------------------------------------------
| Transform                   | Accepts | Rejects | Runtime (s) | 
-----------------------------------------------------------------
| hlo_recase_casebox          |       0 |       0 |        0.00 | 
| hlo_infer_macro             |       0 |       9 |        0.00 | 
| hlo_decode_mux_sandwich     |       0 |       0 |        0.00 | 
| hlo_mux_decode              |       0 |       0 |        0.00 | 
| hlo_chop_mux                |       0 |       0 |        0.00 | 
| hlo_mux_cascade_opt         |       0 |       0 |        0.00 | 
| hlo_mux_consolidation       |       0 |       0 |        0.00 | 
| hlo_constant_mux_opt        |       0 |       0 |        0.00 | 
| hlo_inequality_transform    |       0 |       0 |        0.00 | 
| hlo_reconv_opt              |       0 |       0 |        0.00 | 
| hlo_restructure             |       0 |       0 |        0.00 | 
| hlo_identity_transform      |       0 |       0 |        0.00 | 
| hlo_reduce_operator_chain   |       0 |       0 |        0.00 | 
| hlo_mux_cascade_opt         |       0 |       0 |        0.00 | 
| hlo_mux_consolidation       |       0 |       0 |        0.00 | 
| hlo_optimize_datapath       |       1 |       0 |        0.00 | 
| hlo_datapath_recast         |       0 |       0 |        0.00 | 
| hlo_redundancy_removal_word |       0 |       0 |        0.01 | 
| hlo_clip_mux_input          |       1 |       0 |        0.00 | 
| hlo_clip                    |       0 |       0 |        0.00 | 
| hlo_cleanup                 |       0 |       0 |        0.00 | 
-----------------------------------------------------------------
Running Unified Mux Engine Tricks...
Completed Unified Mux Engine Tricks

Stage: post_hlo_rtlopt
-------------------------------------------------
| Trick       | Accepts | Rejects | Runtime (s) | 
-------------------------------------------------
| ume_runtime |       0 |       0 |        0.00 | 
-------------------------------------------------
Number of big hc bmuxes before = 0
Info    : Pre-processed datapath logic. [DPOPT-6]
        : No pre-processing optimizations applied to datapath logic in 'only_srams'.
Info    : Optimizing datapath logic. [DPOPT-1]
        : Optimizing datapath logic in 'only_srams'.
Info    : Implementing datapath configurations. [DPOPT-3]
        : Implementing datapath configurations for 'CDN_DP_region_2_0'
CSAGen Prep Share:0 Re-Write:0 Speculation: 0
MaxCSA: Successfully built Maximal CSA Expression Expr0
CDN_DP_region_2_0 level = 0 loads = 0 drivers = 0
CDN_DP_region_2_0_c0 in mem_model_ADDR_WIDTH16_DATA_WIDTH32_MEM_WORDS256_LATENCY2_MEM_FILE80h646174612f782e686578: area: 2627995860 ,dp = 2 mux = 2 sg = slow         worst_clk_period: -1.0000 
    wns: 0  norm_wns:  -1.0000 
    fail_endp: -1 
    tns:  0  tns_per_endp:  -1.0000   norm_tns_per_endp:  -1.0000 
    tns_sense_max:  -1.0000  tns_sense_avg:  -1.0000   tns_sense_num: -1
 skipped
CDN_DP_region_2_0_c1 in mem_model_ADDR_WIDTH16_DATA_WIDTH32_MEM_WORDS256_LATENCY2_MEM_FILE80h646174612f782e686578: area: 2622654405 ,dp = 2 mux = 2 sg = fast         worst_clk_period: -1.0000 
    wns: 0  norm_wns:  -1.0000 
    fail_endp: -1 
    tns:  0  tns_per_endp:  -1.0000   norm_tns_per_endp:  -1.0000 
    tns_sense_max:  -1.0000  tns_sense_avg:  -1.0000   tns_sense_num: -1
 is current best
CDN_DP_region_2_0_c2 in mem_model_ADDR_WIDTH16_DATA_WIDTH32_MEM_WORDS256_LATENCY2_MEM_FILE80h646174612f782e686578: area: 2622654405 ,dp = 2 mux = 2 sg = very_slow    worst_clk_period: -1.0000 
    wns: 0  norm_wns:  -1.0000 
    fail_endp: -1 
    tns:  0  tns_per_endp:  -1.0000   norm_tns_per_endp:  -1.0000 
    tns_sense_max:  -1.0000  tns_sense_avg:  -1.0000   tns_sense_num: -1
 is current best
CDN_DP_region_2_0_c3 in mem_model_ADDR_WIDTH16_DATA_WIDTH32_MEM_WORDS256_LATENCY2_MEM_FILE80h646174612f782e686578: area: 2622654405 ,dp = 2 mux = 2 sg = very_fast    worst_clk_period: -1.0000 
    wns: 0  norm_wns:  -1.0000 
    fail_endp: -1 
    tns:  0  tns_per_endp:  -1.0000   norm_tns_per_endp:  -1.0000 
    tns_sense_max:  -1.0000  tns_sense_avg:  -1.0000   tns_sense_num: -1
 is current best
CDN_DP_region_2_0_c4 in mem_model_ADDR_WIDTH16_DATA_WIDTH32_MEM_WORDS256_LATENCY2_MEM_FILE80h646174612f782e686578: area: 2622654405 ,dp = 2 mux = 2 sg = very_fast    worst_clk_period: -1.0000 
    wns: 0  norm_wns:  -1.0000 
    fail_endp: -1 
    tns:  0  tns_per_endp:  -1.0000   norm_tns_per_endp:  -1.0000 
    tns_sense_max:  -1.0000  tns_sense_avg:  -1.0000   tns_sense_num: -1
 is current best
CDN_DP_region_2_0_c5 in mem_model_ADDR_WIDTH16_DATA_WIDTH32_MEM_WORDS256_LATENCY2_MEM_FILE80h646174612f782e686578: area: 2622654405 ,dp = 2 mux = 2 sg = very_fast    worst_clk_period: -1.0000 
    wns: 0  norm_wns:  -1.0000 
    fail_endp: -1 
    tns:  0  tns_per_endp:  -1.0000   norm_tns_per_endp:  -1.0000 
    tns_sense_max:  -1.0000  tns_sense_avg:  -1.0000   tns_sense_num: -1
 is current best
CDN_DP_region_2_0_c6 in mem_model_ADDR_WIDTH16_DATA_WIDTH32_MEM_WORDS256_LATENCY2_MEM_FILE80h646174612f782e686578: area: 2622654405 ,dp = 2 mux = 2 sg = very_fast    worst_clk_period: -1.0000 
    wns: 0  norm_wns:  -1.0000 
    fail_endp: -1 
    tns:  0  tns_per_endp:  -1.0000   norm_tns_per_endp:  -1.0000 
    tns_sense_max:  -1.0000  tns_sense_avg:  -1.0000   tns_sense_num: -1
 is current best
CDN_DP_region_2_0_c7 in mem_model_ADDR_WIDTH16_DATA_WIDTH32_MEM_WORDS256_LATENCY2_MEM_FILE80h646174612f782e686578: area: 3546726120 ,dp = 2 mux = 2 sg = very_fast    worst_clk_period: -1.0000 
    wns: 0  norm_wns:  -1.0000 
    fail_endp: -1 
    tns:  0  tns_per_endp:  -1.0000   norm_tns_per_endp:  -1.0000 
    tns_sense_max:  -1.0000  tns_sense_avg:  -1.0000   tns_sense_num: -1

Best config: CDN_DP_region_2_0_c6 in mem_model_ADDR_WIDTH16_DATA_WIDTH32_MEM_WORDS256_LATENCY2_MEM_FILE80h646174612f782e686578: area: 2622654405 ,dp = 2 mux = 2 sg = very_fast    worst_clk_period: -1.0000 
    wns: 0  norm_wns:  -1.0000 
    fail_endp: -1 
    tns:  0  tns_per_endp:  -1.0000   norm_tns_per_endp:  -1.0000 
    tns_sense_max:  -1.0000  tns_sense_avg:  -1.0000   tns_sense_num: -1
  Smallest config area : 2622654405.  Fastest config wns;  0
##>+----------------------------------------------------------------------------------------------------------------------------------------------------------------+
##>Summary table of configs (Best config is CDN_DP_region_2_0_c6)
##>+----------------------------------------------------------------------------------------------------------------------------------------------------------------+
##>                     0                  1                  2                  3                  4                  5                  6                  7            
##>+----------------------------------------------------------------------------------------------------------------------------------------------------------------+
##>           Area       2627995860         2622654405         2622654405         2622654405         2622654405         2622654405         2622654405         3546726120  
##>            WNS         +9528.50           +9528.50           +9528.50           +9528.50           +9528.50           +9528.50           +9528.50           +9374.50  
##>            TNS                0                  0                  0                  0                  0                  0                  0                  0  
##>    Num Rewrite                0                  0                  0                  0                  0                  0                  0                  0  
##>     Num Factor                0                  0                  0                  0                  0                  0                  0                  0  
##>      Num Share                0                  0                  0                  0                  0                  0                  0                  0  
##>   Num CmultCse                0                  0                  0                  0                  0                  0                  0                  0  
##>   Num Downsize                0                  0                  0                  0                  0                  0                  0                  0  
##>  Num Speculate                0                  0                  0                  0                  0                  0                  0                  0  
##>     Runtime(s)                0                  0                  0                  0                  0                  0                  0                  0  
+----------------------------------------------------------------------------------------------------------------------------------------------------------------+
##>
##>
##>+-----------------------------------------------------------------------------------------------------------------------------------------------------------------------------------------------------+
##>Optimization Step DEBUG Table for config CDN_DP_region_2_0_c6
##>
##>                          Step                        Area   (  % Chg)         WNS (Change)          TNS (Change)                Power   (  % Chg)        Runtime (s)        Comment                   
##>+-----------------------------------------------------------------------------------------------------------------------------------------------------------------------------------------------------+
##>createMaxCarrySave              START             2627995860 (       )    107383710.90 (        )          0 (        )                    0 (       )              
##> datapath_rewrite_one_def       START             2627995860 (  +0.00)    107383710.90 (   +0.00)          0 (       0)                    0 (  +0.00)              
##>  fast_cse_elim                 START             2627995860 (  +0.00)    107383710.90 (   +0.00)          0 (       0)                    0 (  +0.00)              
##>                                  END             2627995860 (  +0.00)    107383710.90 (   +0.00)          0 (       0)                    0 (  +0.00)           0  
##>  fast_cse_elim                 START             2627995860 (  +0.00)    107383710.90 (   +0.00)          0 (       0)                    0 (  +0.00)              
##>                                  END             2627995860 (  +0.00)    107383710.90 (   +0.00)          0 (       0)                    0 (  +0.00)           0  
##>                                  END             2627995860 (  +0.00)    107383710.90 (   +0.00)          0 (       0)                    0 (  +0.00)           0  
##> dpopt_share_one_def            START             2627995860 (  +0.00)    107383710.90 (   +0.00)          0 (       0)                    0 (  +0.00)              
##>                                  END             2627995860 (  +0.00)    107383710.90 (   +0.00)          0 (       0)                    0 (  +0.00)           0  
##> csa_opto                       START             2627995860 (  +0.00)    214748364.70 (+107364653.80)          0 (       0)                    0 (  +0.00)              
##>                                  END             2627995860 (  +0.00)    214748364.70 (   +0.00)          0 (       0)                    0 (  +0.00)           0  
##>                                  END             2627995860 (  +0.00)    214748364.70 (+107364653.80)          0 (       0)                    0 (  +0.00)           0  
##>canonicalize_by_names           START             2627995860 (  +0.00)    214748364.70 (   +0.00)          0 (       0)                    0 (  +0.00)              
##>                                  END             2627995860 (  +0.00)    214748364.70 (   +0.00)          0 (       0)                    0 (  +0.00)           0  
##>datapath_rewrite_post_csa_one_  START             2627995860 (  +0.00)    214748364.70 (   +0.00)          0 (       0)                    0 (  +0.00)              
##>                                  END             2627995860 (  +0.00)    214748364.70 (   +0.00)          0 (       0)                    0 (  +0.00)           0  
##>datapath_csa_factoring_one_gde  START             2627995860 (  +0.00)    214748364.70 (   +0.00)          0 (       0)                    0 (  +0.00)              
##>                                  END             2627995860 (  +0.00)    214748364.70 (   +0.00)          0 (       0)                    0 (  +0.00)           0  
##>dpopt_share_one_def             START             2627995860 (  +0.00)    214748364.70 (   +0.00)          0 (       0)                    0 (  +0.00)              
##>                                  END             2627995860 (  +0.00)    214748364.70 (   +0.00)          0 (       0)                    0 (  +0.00)           0  
##>datapath_rewrite_post_share     START             2627995860 (  +0.00)    214748364.70 (   +0.00)          0 (       0)                    0 (  +0.00)              
##>                                  END             2627995860 (  +0.00)    214748364.70 (   +0.00)          0 (       0)                    0 (  +0.00)           0  
##>dp_combine_const_mult_with_com  START             2627995860 (  +0.00)    214748364.70 (   +0.00)          0 (       0)                    0 (  +0.00)              
##>                                  END             2627995860 (  +0.00)    214748364.70 (   +0.00)          0 (       0)                    0 (  +0.00)           0  
##>dp_operator_level_decompositio  START             2627995860 (  +0.00)    214748364.70 (   +0.00)          0 (       0)                    0 (  +0.00)              
##>                                  END             2627995860 (  +0.00)    214748364.70 (   +0.00)          0 (       0)                    0 (  +0.00)           0  
##>selective_flatten_dp_config     START             2627995860 (  +0.00)    214748364.70 (   +0.00)          0 (       0)                    0 (  +0.00)              
##>                                  END             2627995860 (  +0.00)    214748364.70 (   +0.00)          0 (       0)                    0 (  +0.00)           0  
##>createMaxCarrySave              START             2627995860 (  +0.00)    214748364.70 (   +0.00)          0 (       0)                    0 (  +0.00)              
##> datapath_rewrite_one_def       START             2627995860 (  +0.00)    214748364.70 (   +0.00)          0 (       0)                    0 (  +0.00)              
##>  fast_cse_elim                 START             2627995860 (  +0.00)    214748364.70 (   +0.00)          0 (       0)                    0 (  +0.00)              
##>                                  END             2627995860 (  +0.00)    214748364.70 (   +0.00)          0 (       0)                    0 (  +0.00)           0  
##>  fast_cse_elim                 START             2627995860 (  +0.00)    214748364.70 (   +0.00)          0 (       0)                    0 (  +0.00)              
##>                                  END             2627995860 (  +0.00)    214748364.70 (   +0.00)          0 (       0)                    0 (  +0.00)           0  
##>                                  END             2627995860 (  +0.00)    214748364.70 (   +0.00)          0 (       0)                    0 (  +0.00)           0  
##> dpopt_share_one_def            START             2627995860 (  +0.00)    214748364.70 (   +0.00)          0 (       0)                    0 (  +0.00)              
##>                                  END             2627995860 (  +0.00)    214748364.70 (   +0.00)          0 (       0)                    0 (  +0.00)           0  
##> csa_opto                       START             2627995860 (  +0.00)    214748364.70 (   +0.00)          0 (       0)                    0 (  +0.00)              
##>                                  END             2627995860 (  +0.00)    214748364.70 (   +0.00)          0 (       0)                    0 (  +0.00)           0  
##>                                  END             2627995860 (  +0.00)    214748364.70 (   +0.00)          0 (       0)                    0 (  +0.00)           0  
##>context_based_simplify          START             2627995860 (  +0.00)    214748364.70 (   +0.00)          0 (       0)                    0 (  +0.00)              
##>                                  END             2622654405 (  -0.20)    214748364.70 (   +0.00)          0 (       0)                    0 (  +0.00)           0  
##>group_csa_final_adder_dp        START             2622654405 (  +0.00)    214748364.70 (   +0.00)          0 (       0)                    0 (  +0.00)              
##>                                  END             2622654405 (  +0.00)    214748364.70 (   +0.00)          0 (       0)                    0 (  +0.00)           0  
##>dpopt_flatten_critical_muxes_i  START             2622654405 (  +0.00)    214748364.70 (   +0.00)          0 (       0)                    0 (  +0.00)              
##>                                  END             2622654405 (  +0.00)    214748364.70 (   +0.00)          0 (       0)                    0 (  +0.00)           0  
##>create_score                    START             2622654405 (  +0.00)     9528.50 (-214738836.20)          0 (       0)                    0 (  +0.00)              
##>                                  END             2622654405 (  +0.00)     9528.50 (   +0.00)          0 (       0)                    0 (  +0.00)           0  
##>+-----------------------------------------------------------------------------------------------------------------------------------------------------------------------------------------------------+
Committed config: CDN_DP_region_2_0_c6
Info    : Done implementing datapath configurations. [DPOPT-4]
        : Selected 'very_fast' configuration 6 for module 'CDN_DP_region_2_0_c6'.
          Optimizations applied to 'very_fast' configuration:
            rewriting(0), factoring(0), sharing(0), cmultcse(0), downsizing(0), speculation(0)
Info    : Implementing datapath configurations. [DPOPT-3]
        : Implementing datapath configurations for 'CDN_DP_region_1_0'
CSAGen Prep Share:0 Re-Write:0 Speculation: 0
MaxCSA: Successfully built Maximal CSA Expression Expr1
CDN_DP_region_1_0 level = 0 loads = 0 drivers = 0
CDN_DP_region_1_0_c0 in mem_controller_1: area: 21365820 ,dp = 1 mux = 0 sg = slow         worst_clk_period: -1.0000 
    wns: 0  norm_wns:  -1.0000 
    fail_endp: -1 
    tns:  0  tns_per_endp:  -1.0000   norm_tns_per_endp:  -1.0000 
    tns_sense_max:  -1.0000  tns_sense_avg:  -1.0000   tns_sense_num: -1
 skipped
CDN_DP_region_1_0_c1 in mem_controller_1: area: 16024365 ,dp = 1 mux = 0 sg = fast         worst_clk_period: -1.0000 
    wns: 0  norm_wns:  -1.0000 
    fail_endp: -1 
    tns:  0  tns_per_endp:  -1.0000   norm_tns_per_endp:  -1.0000 
    tns_sense_max:  -1.0000  tns_sense_avg:  -1.0000   tns_sense_num: -1
 is current best
CDN_DP_region_1_0_c2 in mem_controller_1: area: 16024365 ,dp = 1 mux = 0 sg = very_slow    worst_clk_period: -1.0000 
    wns: 0  norm_wns:  -1.0000 
    fail_endp: -1 
    tns:  0  tns_per_endp:  -1.0000   norm_tns_per_endp:  -1.0000 
    tns_sense_max:  -1.0000  tns_sense_avg:  -1.0000   tns_sense_num: -1
 is current best
CDN_DP_region_1_0_c3 in mem_controller_1: area: 16024365 ,dp = 1 mux = 0 sg = very_fast    worst_clk_period: -1.0000 
    wns: 0  norm_wns:  -1.0000 
    fail_endp: -1 
    tns:  0  tns_per_endp:  -1.0000   norm_tns_per_endp:  -1.0000 
    tns_sense_max:  -1.0000  tns_sense_avg:  -1.0000   tns_sense_num: -1
 is current best
CDN_DP_region_1_0_c4 in mem_controller_1: area: 16024365 ,dp = 1 mux = 0 sg = very_fast    worst_clk_period: -1.0000 
    wns: 0  norm_wns:  -1.0000 
    fail_endp: -1 
    tns:  0  tns_per_endp:  -1.0000   norm_tns_per_endp:  -1.0000 
    tns_sense_max:  -1.0000  tns_sense_avg:  -1.0000   tns_sense_num: -1
 is current best
CDN_DP_region_1_0_c5 in mem_controller_1: area: 16024365 ,dp = 1 mux = 0 sg = very_fast    worst_clk_period: -1.0000 
    wns: 0  norm_wns:  -1.0000 
    fail_endp: -1 
    tns:  0  tns_per_endp:  -1.0000   norm_tns_per_endp:  -1.0000 
    tns_sense_max:  -1.0000  tns_sense_avg:  -1.0000   tns_sense_num: -1
 is current best
CDN_DP_region_1_0_c6 in mem_controller_1: area: 16024365 ,dp = 1 mux = 0 sg = very_fast    worst_clk_period: -1.0000 
    wns: 0  norm_wns:  -1.0000 
    fail_endp: -1 
    tns:  0  tns_per_endp:  -1.0000   norm_tns_per_endp:  -1.0000 
    tns_sense_max:  -1.0000  tns_sense_avg:  -1.0000   tns_sense_num: -1
 is current best
CDN_DP_region_1_0_c7 in mem_controller_1: area: 16024365 ,dp = 1 mux = 0 sg = very_fast    worst_clk_period: -1.0000 
    wns: 0  norm_wns:  -1.0000 
    fail_endp: -1 
    tns:  0  tns_per_endp:  -1.0000   norm_tns_per_endp:  -1.0000 
    tns_sense_max:  -1.0000  tns_sense_avg:  -1.0000   tns_sense_num: -1
 is current best
Best config: CDN_DP_region_1_0_c7 in mem_controller_1: area: 16024365 ,dp = 1 mux = 0 sg = very_fast    worst_clk_period: -1.0000 
    wns: 0  norm_wns:  -1.0000 
    fail_endp: -1 
    tns:  0  tns_per_endp:  -1.0000   norm_tns_per_endp:  -1.0000 
    tns_sense_max:  -1.0000  tns_sense_avg:  -1.0000   tns_sense_num: -1
  Smallest config area : 16024365.  Fastest config wns;  0
##>+----------------------------------------------------------------------------------------------------------------------------------------------------------------+
##>Summary table of configs (Best config is CDN_DP_region_1_0_c7)
##>+----------------------------------------------------------------------------------------------------------------------------------------------------------------+
##>                     0                  1                  2                  3                  4                  5                  6                  7            
##>+----------------------------------------------------------------------------------------------------------------------------------------------------------------+
##>           Area         21365820           16024365           16024365           16024365           16024365           16024365           16024365           16024365  
##>            WNS         +9706.20           +9706.20           +9706.20           +9706.20           +9706.20           +9706.20           +9706.20           +9706.20  
##>            TNS                0                  0                  0                  0                  0                  0                  0                  0  
##>    Num Rewrite                0                  0                  0                  0                  0                  0                  0                  0  
##>     Num Factor                0                  0                  0                  0                  0                  0                  0                  0  
##>      Num Share                0                  0                  0                  0                  0                  0                  0                  0  
##>   Num CmultCse                0                  0                  0                  0                  0                  0                  0                  0  
##>   Num Downsize                0                  0                  0                  0                  0                  0                  0                  0  
##>  Num Speculate                0                  0                  0                  0                  0                  0                  0                  0  
##>     Runtime(s)                0                  0                  0                  0                  0                  0                  0                  0  
+----------------------------------------------------------------------------------------------------------------------------------------------------------------+
##>
##>
##>+-----------------------------------------------------------------------------------------------------------------------------------------------------------------------------------------------------+
##>Optimization Step DEBUG Table for config CDN_DP_region_1_0_c7
##>
##>                          Step                        Area   (  % Chg)         WNS (Change)          TNS (Change)                Power   (  % Chg)        Runtime (s)        Comment                   
##>+-----------------------------------------------------------------------------------------------------------------------------------------------------------------------------------------------------+
##>EquationExtraction              START               21365820 (       )     9706.20 (        )          0 (        )                    0 (       )              
##> rewrite                        START               48073095 (+125.00)     9697.90 (   -8.30)          0 (       0)                    0 (  +0.00)              (a,ar) Expr1_from --> Expr1_to
##>                                  END              106829100 (+122.22)     9697.90 (   +0.00)          0 (       0)                    0 (  +0.00)           0  
##>                                  END               21365820 (  +0.00)     9706.20 (   +0.00)          0 (       0)                    0 (  +0.00)           0  
##>createMaxCarrySave              START               21365820 (  +0.00)     9706.20 (   +0.00)          0 (       0)                    0 (  +0.00)              
##> datapath_rewrite_one_def       START               21365820 (  +0.00)     9706.20 (   +0.00)          0 (       0)                    0 (  +0.00)              
##>                                  END               21365820 (  +0.00)     9706.20 (   +0.00)          0 (       0)                    0 (  +0.00)           0  
##> csa_opto                       START               21365820 (  +0.00)     9706.20 (   +0.00)          0 (       0)                    0 (  +0.00)              
##>                                  END               37390185 ( +75.00)     9706.20 (   +0.00)          0 (       0)                    0 (  +0.00)           0  
##>                                  END               37390185 ( +75.00)     9706.20 (   +0.00)          0 (       0)                    0 (  +0.00)           0  
##>canonicalize_by_names           START               37390185 (  +0.00)     9706.20 (   +0.00)          0 (       0)                    0 (  +0.00)              
##>                                  END               37390185 (  +0.00)     9706.20 (   +0.00)          0 (       0)                    0 (  +0.00)           0  
##>datapath_rewrite_post_csa_one_  START               37390185 (  +0.00)     9706.20 (   +0.00)          0 (       0)                    0 (  +0.00)              
##>                                  END               37390185 (  +0.00)     9706.20 (   +0.00)          0 (       0)                    0 (  +0.00)           0  
##>datapath_csa_factoring_one_gde  START               37390185 (  +0.00)     9706.20 (   +0.00)          0 (       0)                    0 (  +0.00)              
##>                                  END               37390185 (  +0.00)     9706.20 (   +0.00)          0 (       0)                    0 (  +0.00)           0  
##>dpopt_share_one_def             START               37390185 (  +0.00)     9706.20 (   +0.00)          0 (       0)                    0 (  +0.00)              
##>                                  END               37390185 (  +0.00)     9706.20 (   +0.00)          0 (       0)                    0 (  +0.00)           0  
##>datapath_rewrite_post_share     START               37390185 (  +0.00)     9706.20 (   +0.00)          0 (       0)                    0 (  +0.00)              
##>                                  END               37390185 (  +0.00)     9706.20 (   +0.00)          0 (       0)                    0 (  +0.00)           0  
##>dp_combine_const_mult_with_com  START               37390185 (  +0.00)     9706.20 (   +0.00)          0 (       0)                    0 (  +0.00)              
##>                                  END               37390185 (  +0.00)     9706.20 (   +0.00)          0 (       0)                    0 (  +0.00)           0  
##>dp_operator_level_decompositio  START               37390185 (  +0.00)     9706.20 (   +0.00)          0 (       0)                    0 (  +0.00)              
##>                                  END               37390185 (  +0.00)     9706.20 (   +0.00)          0 (       0)                    0 (  +0.00)           0  
##>selective_flatten_dp_config     START               37390185 (  +0.00)     9706.20 (   +0.00)          0 (       0)                    0 (  +0.00)              
##>                                  END               37390185 (  +0.00)     9706.20 (   +0.00)          0 (       0)                    0 (  +0.00)           0  
##>createMaxCarrySave              START               37390185 (  +0.00)     9706.20 (   +0.00)          0 (       0)                    0 (  +0.00)              
##> datapath_rewrite_one_def       START               37390185 (  +0.00)     9706.20 (   +0.00)          0 (       0)                    0 (  +0.00)              
##>  fast_cse_elim                 START               37390185 (  +0.00)     9706.20 (   +0.00)          0 (       0)                    0 (  +0.00)              
##>                                  END               37390185 (  +0.00)     9706.20 (   +0.00)          0 (       0)                    0 (  +0.00)           0  
##>  fast_cse_elim                 START               37390185 (  +0.00)     9706.20 (   +0.00)          0 (       0)                    0 (  +0.00)              
##>                                  END               37390185 (  +0.00)     9706.20 (   +0.00)          0 (       0)                    0 (  +0.00)           0  
##>                                  END               37390185 (  +0.00)     9706.20 (   +0.00)          0 (       0)                    0 (  +0.00)           0  
##> csa_opto                       START               37390185 (  +0.00)     9706.20 (   +0.00)          0 (       0)                    0 (  +0.00)              
##>                                  END               37390185 (  +0.00)     9706.20 (   +0.00)          0 (       0)                    0 (  +0.00)           0  
##>                                  END               37390185 (  +0.00)     9706.20 (   +0.00)          0 (       0)                    0 (  +0.00)           0  
##>context_based_simplify          START               16024365 ( -57.14)     9706.20 (   +0.00)          0 (       0)                    0 (  +0.00)              
##>                                  END               16024365 (  +0.00)     9706.20 (   +0.00)          0 (       0)                    0 (  +0.00)           0  
##>group_csa_final_adder_dp        START               16024365 (  +0.00)     9706.20 (   +0.00)          0 (       0)                    0 (  +0.00)              
##>                                  END               16024365 (  +0.00)     9706.20 (   +0.00)          0 (       0)                    0 (  +0.00)           0  
##>dpopt_flatten_critical_muxes_i  START               16024365 (  +0.00)     9706.20 (   +0.00)          0 (       0)                    0 (  +0.00)              
##>                                  END               16024365 (  +0.00)     9706.20 (   +0.00)          0 (       0)                    0 (  +0.00)           0  
##>create_score                    START               16024365 (  +0.00)     9706.20 (   +0.00)          0 (       0)                    0 (  +0.00)              
##>                                  END               16024365 (  +0.00)     9706.20 (   +0.00)          0 (       0)                    0 (  +0.00)           0  
##>+-----------------------------------------------------------------------------------------------------------------------------------------------------------------------------------------------------+
Committed config: CDN_DP_region_1_0_c7
Info    : Done implementing datapath configurations. [DPOPT-4]
        : Selected 'very_fast' configuration 7 for module 'CDN_DP_region_1_0_c7'.
          Optimizations applied to 'very_fast' configuration:
            rewriting(0), factoring(0), sharing(0), cmultcse(0), downsizing(0), speculation(0)
Info:  Ungrouped 0 dp-cluster instances.  0 cluster instances were left intact, to aid verification.
Info    : Done optimizing datapath logic. [DPOPT-2]
        : Done optimizing datapath logic in 'only_srams'.
Number of big hc bmuxes after = 0
Starting bit-level redundancy removal [v1.0] (stage: post_rtlopt, startdef: only_srams, recur: true)
Completed bit-level redundancy removal (accepts: 0, rejects: 0, runtime: 0.004s)
Starting logic reduction [v1.0] (stage: post_rtlopt, startdef: only_srams, recur: true)
Completed logic reduction (accepts: 0, rejects: 0, runtime: 0.000s)
Starting mux data reorder optimization [v1.0] (stage: post_rtlopt, startdef: only_srams, recur: true)
Completed mux data reorder optimization (accepts: 0, rejects: 0, runtime: 0.000s)

Stage: post_rtlopt
----------------------------------------------------------------
| Transform                  | Accepts | Rejects | Runtime (s) | 
----------------------------------------------------------------
| hlo_redundancy_removal_bit |       0 |       0 |        0.00 | 
| hlo_logic_reduction        |       0 |       0 |        0.00 | 
| hlo_mux_reorder            |       0 |       0 |        0.00 | 
----------------------------------------------------------------
Running post blast mux optimization. Please follow up with Cadence support if runtime issues are seen with this optimization.
Running post blast mux optimization. Please follow up with Cadence support if runtime issues are seen with this optimization.
Starting mux speculation [v1.0] (stage: post_muxopt, startdef: only_srams, recur: true)
Starting speculation optimization
Completed speculation optimization (accepts:0)
Completed mux speculation (accepts: 0, rejects: 0, runtime: 0.017s)

Stage: post_muxopt
-----------------------------------------------------
| Transform       | Accepts | Rejects | Runtime (s) | 
-----------------------------------------------------
| hlo_speculation |       0 |       0 |        0.02 | 
-----------------------------------------------------
==================================
Stage : to_generic 
==================================
  =================
   Message Summary
  =================
---------------------------------------------------------------------------------------------------------
|    Id     |  Sev  |Count|                                Message Text                                 |
---------------------------------------------------------------------------------------------------------
|CDFG-250   |Info   |    3|Processing multi-dimensional arrays.                                         |
|CDFG-372   |Info   |   55|Bitwidth mismatch in assignment.                                             |
|           |       |     |Review and make sure the mismatch is intentional. Genus can possibly issue   |
|           |       |     | bitwidth mismatch warning for explicit assignments present in RTL as-well-as|
|           |       |     | for implicit assignments inferred by the tool. For example, in case of enum |
|           |       |     | declaration without value, the tool will implicitly assign value to the enum|
|           |       |     | variables. It also issues the warning for any bitwidth mismatch that appears|
|           |       |     | in this implicit assignment.                                                |
|CDFG-500   |Info   |    1|Unused module input port.                                                    |
|           |       |     |(In port definition within the module, the input port is not used in any assi|
|           |       |     | gnment statements or conditional expressions for decision statements.       |
|CDFG-738   |Info   |    1|Common subexpression eliminated.                                             |
|CDFG-739   |Info   |    1|Common subexpression kept.                                                   |
|CDFG-771   |Info   |    2|Replaced logic with a constant value.                                        |
|CDFG-818   |Warning|    1|Using default parameter value for module elaboration.                        |
|CWD-19     |Info   |   43|An implementation was inferred.                                              |
|DPOPT-1    |Info   |    1|Optimizing datapath logic.                                                   |
|DPOPT-2    |Info   |    1|Done optimizing datapath logic.                                              |
|DPOPT-3    |Info   |    2|Implementing datapath configurations.                                        |
|DPOPT-4    |Info   |    2|Done implementing datapath configurations.                                   |
|DPOPT-6    |Info   |    1|Pre-processed datapath logic.                                                |
|DPOPT-10   |Info   |    1|Optimized a mux chain.                                                       |
|ELAB-1     |Info   |    1|Elaborating Design.                                                          |
|ELAB-2     |Info   |    5|Elaborating Subdesign.                                                       |
|ELAB-3     |Info   |    1|Done Elaborating Design.                                                     |
|ELABUTL-125|Warning|  512|Undriven signal detected.                                                    |
|           |       |     |The undriven signal handling can be controlled by setting the attribute      |
|           |       |     | 'hdl_unconnected_value' before syn_generic command.                         |
|ELABUTL-130|Info   |  512|Undriven signal detected.                                                    |
|           |       |     |The 'hdl_unconnected_value' attribute controls treatment of undriven signal. |
|GLO-12     |Info   |  359|Replacing a flip-flop with a logic constant 0.                               |
|           |       |     |To prevent this optimization, set the 'optimize_constant_0_flops' root       |
|           |       |     | attribute to 'false' or 'optimize_constant_0_seq' instance attribute to     |
|           |       |     | 'false'. You can also see the complete list of deleted sequential with      |
|           |       |     | command 'report sequential -deleted' (on Reason 'constant0').               |
|GLO-34     |Info   |    2|Deleting instances not driving any primary outputs.                          |
|           |       |     |Optimizations such as constant propagation or redundancy removal could change|
|           |       |     | the connections so a hierarchical instance does not drive any primary       |
|           |       |     | outputs anymore. To see the list of deleted hierarchical instances, set the |
|           |       |     | 'information_level' attribute to 2 or above. If the message is truncated set|
|           |       |     | the message attribute 'truncate' to false to see the complete list. To      |
|           |       |     | prevent this optimization, set the 'delete_unloaded_insts' root/subdesign   |
|           |       |     | attribute to 'false' or 'preserve' instance attribute to 'true'.            |
|GLO-45     |Info   |  204|Replacing the synchronous part of an always feeding back flip-flop with a    |
|           |       |     | logic constant.                                                             |
|           |       |     |To prevent this optimization, set 'optimize_constant_feedback_seqs' root     |
|           |       |     | attribute to 'false'. The instance attribute                                |
|           |       |     | 'optimize_constant_feedback_seq' controls this optimization.                |
|LBR-9      |Warning|   20|Library cell has no output pins defined.                                     |
|           |       |     |Add the missing output pin(s)                                                |
|           |       |     | , then reload the library. Else the library cell will be marked as timing   |
|           |       |     | model i.e. unusable. Timing_model means that the cell does not have any     |
|           |       |     | defined function. If there is no output pin, Genus will mark library cell as|
|           |       |     | unusable i.e. the attribute 'usable' will be marked to 'false' on the       |
|           |       |     | libcell. Therefore, the cell is not used for mapping and it will not be     |
|           |       |     | picked up from the library for synthesis. If you query the attribute        |
|           |       |     | 'unusable_reason' on the libcell; result will be: 'Library cell has no      |
|           |       |     | output pins.'Note: The message LBR-9 is only for the logical pins and not   |
|           |       |     | for the power_ground pins. Genus will depend upon the output function       |
|           |       |     | defined in the pin group (output pin)                                       |
|           |       |     | of the cell, to use it for mapping. The pg_pin will not have any function   |
|           |       |     | defined.                                                                    |
|LBR-41     |Info   |    1|An output library pin lacks a function attribute.                            |
|           |       |     |If the remainder of this library cell's semantic checks are successful, it   |
|           |       |     | will be considered as a timing-model                                        |
|           |       |     | (because one of its outputs does not have a valid function.                 |
|LBR-155    |Info   |  264|Mismatch in unateness between 'timing_sense' attribute and the function.     |
|           |       |     |The 'timing_sense' attribute will be respected.                              |
|LBR-161    |Info   |    1|Setting the maximum print count of this message to 10 if information_level is|
|           |       |     | less than 9.                                                                |
|LBR-162    |Info   |  124|Both 'pos_unate' and 'neg_unate' timing_sense arcs have been processed.      |
|           |       |     |Setting the 'timing_sense' to non_unate.                                     |
|LBR-412    |Info   |    1|Created nominal operating condition.                                         |
|           |       |     |The nominal operating condition is represented, either by the nominal PVT    |
|           |       |     | values specified in the library source                                      |
|           |       |     | (via nom_process,nom_voltage and nom_temperature respectively)              |
|           |       |     | , or by the default PVT values (1.0,1.0,1.0).                               |
|LBR-518    |Info   |    1|Missing a function attribute in the output pin definition.                   |
|PHYS-107   |Warning|   16|Duplicate macro definition.                                                  |
|PHYS-129   |Info   |  119|Via with no resistance will have a value of '0.0' assigned for resistance    |
|           |       |     | value.                                                                      |
|           |       |     |If this is the expected behavior, this message can be ignored.               |
|PHYS-279   |Warning|   96|Physical cell not defined in library.                                        |
|           |       |     |Ensure that the proper library files are available and have been imported.   |
|PHYS-752   |Info   |    1|Partition Based Synthesis execution skipped.                                 |
|SDC-201    |Warning|    1|Unsupported SDC command option.                                              |
|           |       |     |The current version does not support this SDC command option.  However,      |
|           |       |     | future versions may be enhanced to support this option.                     |
|SYNTH-1    |Info   |    1|Synthesizing.                                                                |
|TIM-1000   |Info   |    1|Multimode clock gating check is disabled.                                    |
---------------------------------------------------------------------------------------------------------
Current PLE settings:

Aspect ratio        : 1.000
Shrink factor       : 1.000
Scale of res/length : 1.000
Scale of cap/length : 1.000
Net derating factor : 1.000
Thermal factor      : 1.000
Via Resistance      : 0.000 ohm (from default)
Site size           : 1.910 um (from lef [tech+cell])

                                   Capacitance  
  Layer                             / Length         Data source:
Name        Direction Utilization  (pF/micron)       lef_library
------------------------------------------------
Metal1          H         0.00        0.000412  
Metal2          V         1.00        0.000416  
Metal3          H         1.00        0.000416  
Metal4          V         1.00        0.000416  
Metal5          H         1.00        0.000416  
Metal6          V         1.00        0.000416  
Metal7          H         1.00        0.000416  
Metal8          V         1.00        0.000416  
Metal9          H         1.00        0.000416  
Metal10         V         1.00        0.000444  
Metal11         H         1.00        0.000444  

                                    Resistance   
  Layer                              / Length         Data source:
Name        Direction Utilization  (ohm/micron)       lef_library
-------------------------------------------------
Metal1          H         0.00         1.226667  
Metal2          V         1.00         0.755000  
Metal3          H         1.00         0.755000  
Metal4          V         1.00         0.755000  
Metal5          H         1.00         0.755000  
Metal6          V         1.00         0.755000  
Metal7          H         1.00         0.755000  
Metal8          V         1.00         0.267500  
Metal9          H         1.00         0.267500  
Metal10         V         1.00         0.097273  
Metal11         H         1.00         0.095455  

                                        Area     
  Layer                               / Length        Data source:
Name        Direction Utilization     (micron)        lef_library
-------------------------------------------------
Metal1          H         0.00         0.060000  
Metal2          V         1.00         0.080000  
Metal3          H         1.00         0.080000  
Metal4          V         1.00         0.080000  
Metal5          H         1.00         0.080000  
Metal6          V         1.00         0.080000  
Metal7          H         1.00         0.080000  
Metal8          V         1.00         0.080000  
Metal9          H         1.00         0.080000  
Metal10         V         1.00         0.220000  
Metal11         H         1.00         0.220000  

Mapper: Libraries have:
	domain _default_: 324 combo usable cells and 128 sequential usable cells
Multi-threaded constant propagation [1|0] ...
Info    : Deleting instances not driving any primary outputs. [GLO-34]
        : Deleting 1 sequential instance.
Multi-threaded Virtual Mapping    (8 threads per ST process, 8 of 64 CPUs usable)
==================================
Stage : first_condense 
==================================
  =================
   Message Summary
  =================
---------------------------------------------------------------------------------------------------------
|  Id  |Sev |Count|                                    Message Text                                     |
---------------------------------------------------------------------------------------------------------
|GB-6  |Info|    1|A datapath component has been ungrouped.                                             |
|GLO-34|Info|    1|Deleting instances not driving any primary outputs.                                  |
|      |    |     |Optimizations such as constant propagation or redundancy removal could change the    |
|      |    |     | connections so a hierarchical instance does not drive any primary outputs anymore.  |
|      |    |     | To see the list of deleted hierarchical instances, set the 'information_level'      |
|      |    |     | attribute to 2 or above. If the message is truncated set the message attribute      |
|      |    |     | 'truncate' to false to see the complete list. To prevent this optimization, set the |
|      |    |     | 'delete_unloaded_insts' root/subdesign attribute to 'false' or 'preserve' instance  |
|      |    |     | attribute to 'true'.                                                                |
|GLO-42|Info|    1|Equivalent sequential instances have been merged.                                    |
|      |    |     |To prevent merging of sequential instances, set the 'optimize_merge_flops' and       |
|      |    |     | 'optimize_merge_latches' root attributes to 'false' or the 'optimize_merge_seq'     |
|      |    |     | instance attribute to 'false'.                                                      |
---------------------------------------------------------------------------------------------------------
 
Global mapping target info
==========================
Cost Group 'clk' target slack:   270 ps
Target path end-point (Port: only_srams/partial_o)


State Retention Synthesis Status
================================

Category                        Flops   Percentage
--------------------------------------------------
Total instances                    45        100.0
Excluded from State Retention      45        100.0
    - Will not convert             45        100.0
      - Preserved                   0          0.0
      - Power intent excluded      45        100.0
    - Could not convert             0          0.0
      - Scan type                   0          0.0
      - No suitable cell            0          0.0
State Retention instances           0          0.0
--------------------------------------------------

PBS_Generic_Opt-Post - Elapsed_Time 5, CPU_Time 3.8121270000000003
stamp 'PBS_Generic_Opt-Post' being created for table 'pbs_debug'

  Total Time (Wall) |  Stage Time (Wall)  |   % (Wall)   |    Date - Time     |  Memory   | Stage
--------------------+---------------------+--------------+--------------------+-----------+----------------------
 00:00:17(00:00:10) |  00:00:00(00:00:00) |   0.0(  0.0) |   14:38:19 (Aug31) |  579.3 MB | PBS_Generic-Start
--------------------+---------------------+--------------+--------------------+-----------+----------------------
 00:00:20(00:00:15) |  00:00:03(00:00:05) | 100.0(100.0) |   14:38:24 (Aug31) |  941.8 MB | PBS_Generic_Opt-Post
--------------------+---------------------+--------------+--------------------+-----------+----------------------
Number of threads: 8 * 1   (id: pbs_debug, time_info v1.57)
Info: (*N*) indicates data that was populated from previously saved time_info database
Info: CPU time includes time of parent + longest thread
PBS_Generic-Postgen HBO Optimizations - Elapsed_Time 0, CPU_Time 0.0
stamp 'PBS_Generic-Postgen HBO Optimizations' being created for table 'pbs_debug'

  Total Time (Wall) |  Stage Time (Wall)  |   % (Wall)   |    Date - Time     |  Memory   | Stage
--------------------+---------------------+--------------+--------------------+-----------+----------------------
 00:00:17(00:00:10) |  00:00:00(00:00:00) |   0.0(  0.0) |   14:38:19 (Aug31) |  579.3 MB | PBS_Generic-Start
--------------------+---------------------+--------------+--------------------+-----------+----------------------
 00:00:20(00:00:15) |  00:00:03(00:00:05) | 100.0(100.0) |   14:38:24 (Aug31) |  941.8 MB | PBS_Generic_Opt-Post
--------------------+---------------------+--------------+--------------------+-----------+----------------------
 00:00:20(00:00:15) |  00:00:00(00:00:00) |   0.0(  0.0) |   14:38:24 (Aug31) |  941.8 MB | PBS_Generic-Postgen HBO Optimizations
--------------------+---------------------+--------------+--------------------+-----------+----------------------
Number of threads: 8 * 1   (id: pbs_debug, time_info v1.57)
Info: (*N*) indicates data that was populated from previously saved time_info database
Info: CPU time includes time of parent + longest thread
##>=================== Cadence Confidential (Generic-Logical) ===================
##>=================== Cadence Confidential (Generic-Logical) ===================
##>Main Thread Summary:
##>----------------------------------------------------------------------------------------
##>STEP                           Elapsed       WNS       TNS     Insts      Area    Memory
##>----------------------------------------------------------------------------------------
##>G:Initial                            2         -         -       630      2005       579
##>G:Setup                              0         -         -         -         -         -
##>G:Early Clock Gating                 0         -         -         -         -         -
##>G:Launch ST                          0         -         -         -         -         -
##>G:Design Partition                   0         -         -         -         -         -
##>G:Create Partition Netlists          0         -         -         -         -         -
##>G:Init Power                         0         -         -         -         -         -
##>G:Budgeting                          0         -         -         -         -         -
##>G:Derenv-DB                          0         -         -         -         -         -
##>G:Debug Outputs                      0         -         -         -         -         -
##>G:ST loading                         0         -         -         -         -         -
##>G:Distributed                        0         -         -         -         -         -
##>G:Timer                              0         -         -         -         -         -
##>G:Assembly                           0         -         -         -         -         -
##>G:DFT                                0         -         -         -         -         -
##>G:Const Prop                         0         -         -       309      1115       941
##>G:PostGen Opt                        1         -         -       309      1115       941
##>G:Early Clock Gating Cleanup         0         -         -         -         -         -
##>G:Misc                               4
##>----------------------------------------------------------------------------------------
##>Total Elapsed                        7
##>========================================================================================
Info    : Done synthesizing. [SYNTH-2]
        : Done synthesizing 'only_srams' to generic gates.
      flow.cputime  flow.realtime  timing.setup.tns  timing.setup.wns  snapshot
UM:*                                                                   syn_gen
@file(only_srams.tcl) 57: syn_map
#--------------------------------------------------------------------------
# Root attributes for category: opt
#--------------------------------------------------------------------------
# Feature                           | Attribute                | Value  
#--------------------------------------------------------------------------
# Net area optimization             | optimize_net_area        | true   
# Power optimization effort         | design_power_effort      | none   
# Do not use qbar sequential pins   | dont_use_qbar_seq_pins   | false  
#--------------------------------------------------------------------------

##Generic Timing Info for library domain: _default_ typical gate delay: 40.7 ps std_slew: 5.4 ps std_load: 1.0 fF
Mapping ChipWare ICG instances in only_srams
Found 0 unmapped ChipWare ICG instances
Mapped 0 of 0 ChipWare ICG instances
Current PLE settings:

Aspect ratio        : 1.000
Shrink factor       : 1.000
Scale of res/length : 1.000
Scale of cap/length : 1.000
Net derating factor : 1.000
Thermal factor      : 1.000
Via Resistance      : 0.000 ohm (from default)
Site size           : 1.910 um (from lef [tech+cell])

                                   Capacitance  
  Layer                             / Length         Data source:
Name        Direction Utilization  (pF/micron)       lef_library
------------------------------------------------
Metal1          H         0.00        0.000412  
Metal2          V         1.00        0.000416  
Metal3          H         1.00        0.000416  
Metal4          V         1.00        0.000416  
Metal5          H         1.00        0.000416  
Metal6          V         1.00        0.000416  
Metal7          H         1.00        0.000416  
Metal8          V         1.00        0.000416  
Metal9          H         1.00        0.000416  
Metal10         V         1.00        0.000444  
Metal11         H         1.00        0.000444  

                                    Resistance   
  Layer                              / Length         Data source:
Name        Direction Utilization  (ohm/micron)       lef_library
-------------------------------------------------
Metal1          H         0.00         1.226667  
Metal2          V         1.00         0.755000  
Metal3          H         1.00         0.755000  
Metal4          V         1.00         0.755000  
Metal5          H         1.00         0.755000  
Metal6          V         1.00         0.755000  
Metal7          H         1.00         0.755000  
Metal8          V         1.00         0.267500  
Metal9          H         1.00         0.267500  
Metal10         V         1.00         0.097273  
Metal11         H         1.00         0.095455  

                                        Area     
  Layer                               / Length        Data source:
Name        Direction Utilization     (micron)        lef_library
-------------------------------------------------
Metal1          H         0.00         0.060000  
Metal2          V         1.00         0.080000  
Metal3          H         1.00         0.080000  
Metal4          V         1.00         0.080000  
Metal5          H         1.00         0.080000  
Metal6          V         1.00         0.080000  
Metal7          H         1.00         0.080000  
Metal8          V         1.00         0.080000  
Metal9          H         1.00         0.080000  
Metal10         V         1.00         0.220000  
Metal11         H         1.00         0.220000  

Info    : Mapping. [SYNTH-4]
        : Mapping 'only_srams' using 'medium' effort.
Mapper: Libraries have:
	domain _default_: 324 combo usable cells and 128 sequential usable cells
PBS_TechMap-Start - Elapsed_Time 0, CPU_Time 0.0
stamp 'PBS_TechMap-Start' being created for table 'pbs_debug'

  Total Time (Wall) |  Stage Time (Wall)  |   % (Wall)   |    Date - Time     |  Memory   | Stage
--------------------+---------------------+--------------+--------------------+-----------+----------------------
 00:00:17(00:00:10) |  00:00:00(00:00:00) |   0.0(  0.0) |   14:38:19 (Aug31) |  579.3 MB | PBS_Generic-Start
--------------------+---------------------+--------------+--------------------+-----------+----------------------
 00:00:20(00:00:15) |  00:00:03(00:00:05) |  79.2(100.0) |   14:38:24 (Aug31) |  941.8 MB | PBS_Generic_Opt-Post
--------------------+---------------------+--------------+--------------------+-----------+----------------------
 00:00:20(00:00:15) |  00:00:00(00:00:00) |   0.0(  0.0) |   14:38:24 (Aug31) |  941.8 MB | PBS_Generic-Postgen HBO Optimizations
--------------------+---------------------+--------------+--------------------+-----------+----------------------
 00:00:21(00:00:15) |  00:00:01(00:00:00) |  20.8(  0.0) |   14:38:24 (Aug31) |  941.8 MB | PBS_TechMap-Start
--------------------+---------------------+--------------+--------------------+-----------+----------------------
Number of threads: 8 * 1   (id: pbs_debug, time_info v1.57)
Info: (*N*) indicates data that was populated from previously saved time_info database
Info: CPU time includes time of parent + longest thread
PBS_TechMap-Premap HBO Optimizations - Elapsed_Time 0, CPU_Time 0.0
stamp 'PBS_TechMap-Premap HBO Optimizations' being created for table 'pbs_debug'

  Total Time (Wall) |  Stage Time (Wall)  |   % (Wall)   |    Date - Time     |  Memory   | Stage
--------------------+---------------------+--------------+--------------------+-----------+----------------------
 00:00:17(00:00:10) |  00:00:00(00:00:00) |   0.0(  0.0) |   14:38:19 (Aug31) |  579.3 MB | PBS_Generic-Start
--------------------+---------------------+--------------+--------------------+-----------+----------------------
 00:00:20(00:00:15) |  00:00:03(00:00:05) |  79.2(100.0) |   14:38:24 (Aug31) |  941.8 MB | PBS_Generic_Opt-Post
--------------------+---------------------+--------------+--------------------+-----------+----------------------
 00:00:20(00:00:15) |  00:00:00(00:00:00) |   0.0(  0.0) |   14:38:24 (Aug31) |  941.8 MB | PBS_Generic-Postgen HBO Optimizations
--------------------+---------------------+--------------+--------------------+-----------+----------------------
 00:00:21(00:00:15) |  00:00:01(00:00:00) |  20.8(  0.0) |   14:38:24 (Aug31) |  941.8 MB | PBS_TechMap-Start
--------------------+---------------------+--------------+--------------------+-----------+----------------------
 00:00:21(00:00:15) |  00:00:00(00:00:00) |   0.0(  0.0) |   14:38:24 (Aug31) |  941.8 MB | PBS_TechMap-Premap HBO Optimizations
--------------------+---------------------+--------------+--------------------+-----------+----------------------
Number of threads: 8 * 1   (id: pbs_debug, time_info v1.57)
Info: (*N*) indicates data that was populated from previously saved time_info database
Info: CPU time includes time of parent + longest thread
Info    : Partition Based Synthesis execution skipped. [PHYS-752]
        : Design size is less than the partition size '100000' for distributed mapping optimization to kick in.
Current PLE settings:

Aspect ratio        : 1.000
Shrink factor       : 1.000
Scale of res/length : 1.000
Scale of cap/length : 1.000
Net derating factor : 1.000
Thermal factor      : 1.000
Via Resistance      : 0.000 ohm (from default)
Site size           : 1.910 um (from lef [tech+cell])

                                   Capacitance  
  Layer                             / Length         Data source:
Name        Direction Utilization  (pF/micron)       lef_library
------------------------------------------------
Metal1          H         0.00        0.000412  
Metal2          V         1.00        0.000416  
Metal3          H         1.00        0.000416  
Metal4          V         1.00        0.000416  
Metal5          H         1.00        0.000416  
Metal6          V         1.00        0.000416  
Metal7          H         1.00        0.000416  
Metal8          V         1.00        0.000416  
Metal9          H         1.00        0.000416  
Metal10         V         1.00        0.000444  
Metal11         H         1.00        0.000444  

                                    Resistance   
  Layer                              / Length         Data source:
Name        Direction Utilization  (ohm/micron)       lef_library
-------------------------------------------------
Metal1          H         0.00         1.226667  
Metal2          V         1.00         0.755000  
Metal3          H         1.00         0.755000  
Metal4          V         1.00         0.755000  
Metal5          H         1.00         0.755000  
Metal6          V         1.00         0.755000  
Metal7          H         1.00         0.755000  
Metal8          V         1.00         0.267500  
Metal9          H         1.00         0.267500  
Metal10         V         1.00         0.097273  
Metal11         H         1.00         0.095455  

                                        Area     
  Layer                               / Length        Data source:
Name        Direction Utilization     (micron)        lef_library
-------------------------------------------------
Metal1          H         0.00         0.060000  
Metal2          V         1.00         0.080000  
Metal3          H         1.00         0.080000  
Metal4          V         1.00         0.080000  
Metal5          H         1.00         0.080000  
Metal6          V         1.00         0.080000  
Metal7          H         1.00         0.080000  
Metal8          V         1.00         0.080000  
Metal9          H         1.00         0.080000  
Metal10         V         1.00         0.220000  
Metal11         H         1.00         0.220000  

Mapper: Libraries have:
	domain _default_: 324 combo usable cells and 128 sequential usable cells
Multi-threaded Virtual Mapping    (8 threads per ST process, 8 of 64 CPUs usable)
==================================
Stage : first_condense 
==================================
  =================
   Message Summary
  =================
------------------------------------------------------------------
|   Id   |Sev |Count|                Message Text                |
------------------------------------------------------------------
|PHYS-752|Info|    1|Partition Based Synthesis execution skipped.|
|SYNTH-2 |Info|    1|Done synthesizing.                          |
|SYNTH-4 |Info|    1|Mapping.                                    |
------------------------------------------------------------------
 
Global mapping target info
==========================
Cost Group 'clk' target slack:   270 ps
Target path end-point (Port: only_srams/partial_o)

Multi-threaded Technology Mapping (8 threads per ST process, 8 of 64 CPUs usable)
 
Global mapping status
=====================
                                   Group   
                                  Tot Wrst 
                           Total  Weighted 
Operation                   Area   Slacks  
 global_map                  907        0 

    Cost Group            Target    Slack    Diff.  Constr.
-----------------------------------------------------------
           clk               270     7862             10000 

 
Global incremental target info
==============================
Cost Group 'clk' target slack:   200 ps
Target path end-point (Pin: input_mem/latency_counter_reg[31]/D (DFFRHQX1/D))

==================================
Stage : global_incr_map 
==================================
  =================
   Message Summary
  =================
----------------------------------------------------------------
| Id |Sev |Count|                 Message Text                 |
----------------------------------------------------------------
|PA-7|Info|   14|Resetting power analysis results.             |
|    |    |     |All computed switching activities are removed.|
----------------------------------------------------------------
 
Global incremental optimization status
======================================
                                   Group   
                                  Tot Wrst 
                           Total  Weighted 
Operation                   Area   Slacks  
 global_incr                 754        0 

    Cost Group            Target    Slack    Diff.  Constr.
-----------------------------------------------------------
           clk               200     7853             10000 


State Retention Synthesis Status
================================

Category                        Flops   Percentage
--------------------------------------------------
Total instances                    45        100.0
Excluded from State Retention      45        100.0
    - Will not convert             45        100.0
      - Preserved                   0          0.0
      - Power intent excluded      45        100.0
    - Could not convert             0          0.0
      - Scan type                   0          0.0
      - No suitable cell            0          0.0
State Retention instances           0          0.0
--------------------------------------------------

INFO: skipping constant propagation
PBS_Techmap-Global Mapping - Elapsed_Time 2, CPU_Time 2.400672
stamp 'PBS_Techmap-Global Mapping' being created for table 'pbs_debug'

  Total Time (Wall) |  Stage Time (Wall)  |   % (Wall)   |    Date - Time     |  Memory   | Stage
--------------------+---------------------+--------------+--------------------+-----------+----------------------
 00:00:17(00:00:10) |  00:00:00(00:00:00) |   0.0(  0.0) |   14:38:19 (Aug31) |  579.3 MB | PBS_Generic-Start
--------------------+---------------------+--------------+--------------------+-----------+----------------------
 00:00:20(00:00:15) |  00:00:03(00:00:05) |  52.9( 71.4) |   14:38:24 (Aug31) |  941.8 MB | PBS_Generic_Opt-Post
--------------------+---------------------+--------------+--------------------+-----------+----------------------
 00:00:20(00:00:15) |  00:00:00(00:00:00) |   0.0(  0.0) |   14:38:24 (Aug31) |  941.8 MB | PBS_Generic-Postgen HBO Optimizations
--------------------+---------------------+--------------+--------------------+-----------+----------------------
 00:00:21(00:00:15) |  00:00:01(00:00:00) |  13.9(  0.0) |   14:38:24 (Aug31) |  941.8 MB | PBS_TechMap-Start
--------------------+---------------------+--------------+--------------------+-----------+----------------------
 00:00:21(00:00:15) |  00:00:00(00:00:00) |   0.0(  0.0) |   14:38:24 (Aug31) |  941.8 MB | PBS_TechMap-Premap HBO Optimizations
--------------------+---------------------+--------------+--------------------+-----------+----------------------
 00:00:24(00:00:17) |  00:00:02(00:00:02) |  33.3( 28.6) |   14:38:26 (Aug31) |  941.8 MB | PBS_Techmap-Global Mapping
--------------------+---------------------+--------------+--------------------+-----------+----------------------
Number of threads: 8 * 1   (id: pbs_debug, time_info v1.57)
Info: (*N*) indicates data that was populated from previously saved time_info database
Info: CPU time includes time of parent + longest thread
Info    : Wrote formal verification information. [CFM-5]
        : Wrote 'fv/only_srams/fv_map.fv.json' for netlist 'fv/only_srams/fv_map.v.gz'.
Info    : Existing dofile found. Copied as fv/only_srams/rtl_to_fv_map.do~.
Info    : Wrote dofile. [CFM-1]
        : Dofile is 'fv/only_srams/rtl_to_fv_map.do'.
        : Alias mapping flow is enabled.
PBS_TechMap-Datapath Postmap Operations - Elapsed_Time 2, CPU_Time 0.9957180000000001
stamp 'PBS_TechMap-Datapath Postmap Operations' being created for table 'pbs_debug'

  Total Time (Wall) |  Stage Time (Wall)  |   % (Wall)   |    Date - Time     |  Memory   | Stage
--------------------+---------------------+--------------+--------------------+-----------+----------------------
 00:00:17(00:00:10) |  00:00:00(00:00:00) |   0.0(  0.0) |   14:38:19 (Aug31) |  579.3 MB | PBS_Generic-Start
--------------------+---------------------+--------------+--------------------+-----------+----------------------
 00:00:20(00:00:15) |  00:00:03(00:00:05) |  46.4( 55.6) |   14:38:24 (Aug31) |  941.8 MB | PBS_Generic_Opt-Post
--------------------+---------------------+--------------+--------------------+-----------+----------------------
 00:00:20(00:00:15) |  00:00:00(00:00:00) |   0.0(  0.0) |   14:38:24 (Aug31) |  941.8 MB | PBS_Generic-Postgen HBO Optimizations
--------------------+---------------------+--------------+--------------------+-----------+----------------------
 00:00:21(00:00:15) |  00:00:01(00:00:00) |  12.2(  0.0) |   14:38:24 (Aug31) |  941.8 MB | PBS_TechMap-Start
--------------------+---------------------+--------------+--------------------+-----------+----------------------
 00:00:21(00:00:15) |  00:00:00(00:00:00) |   0.0(  0.0) |   14:38:24 (Aug31) |  941.8 MB | PBS_TechMap-Premap HBO Optimizations
--------------------+---------------------+--------------+--------------------+-----------+----------------------
 00:00:24(00:00:17) |  00:00:02(00:00:02) |  29.2( 22.2) |   14:38:26 (Aug31) |  941.8 MB | PBS_Techmap-Global Mapping
--------------------+---------------------+--------------+--------------------+-----------+----------------------
 00:00:25(00:00:19) |  00:00:00(00:00:02) |  12.1( 22.2) |   14:38:28 (Aug31) |  941.8 MB | PBS_TechMap-Datapath Postmap Operations
--------------------+---------------------+--------------+--------------------+-----------+----------------------
Number of threads: 8 * 1   (id: pbs_debug, time_info v1.57)
Info: (*N*) indicates data that was populated from previously saved time_info database
Info: CPU time includes time of parent + longest thread
PBS_TechMap-Postmap HBO Optimizations - Elapsed_Time 0, CPU_Time -0.004404000000000963
stamp 'PBS_TechMap-Postmap HBO Optimizations' being created for table 'pbs_debug'

  Total Time (Wall) |  Stage Time (Wall)  |   % (Wall)   |    Date - Time     |  Memory   | Stage
--------------------+---------------------+--------------+--------------------+-----------+----------------------
 00:00:17(00:00:10) |  00:00:00(00:00:00) |   0.0(  0.0) |   14:38:19 (Aug31) |  579.3 MB | PBS_Generic-Start
--------------------+---------------------+--------------+--------------------+-----------+----------------------
 00:00:20(00:00:15) |  00:00:03(00:00:05) |  46.5( 55.6) |   14:38:24 (Aug31) |  941.8 MB | PBS_Generic_Opt-Post
--------------------+---------------------+--------------+--------------------+-----------+----------------------
 00:00:20(00:00:15) |  00:00:00(00:00:00) |   0.0(  0.0) |   14:38:24 (Aug31) |  941.8 MB | PBS_Generic-Postgen HBO Optimizations
--------------------+---------------------+--------------+--------------------+-----------+----------------------
 00:00:21(00:00:15) |  00:00:01(00:00:00) |  12.2(  0.0) |   14:38:24 (Aug31) |  941.8 MB | PBS_TechMap-Start
--------------------+---------------------+--------------+--------------------+-----------+----------------------
 00:00:21(00:00:15) |  00:00:00(00:00:00) |   0.0(  0.0) |   14:38:24 (Aug31) |  941.8 MB | PBS_TechMap-Premap HBO Optimizations
--------------------+---------------------+--------------+--------------------+-----------+----------------------
 00:00:24(00:00:17) |  00:00:02(00:00:02) |  29.3( 22.2) |   14:38:26 (Aug31) |  941.8 MB | PBS_Techmap-Global Mapping
--------------------+---------------------+--------------+--------------------+-----------+----------------------
 00:00:25(00:00:19) |  00:00:00(00:00:02) |  12.1( 22.2) |   14:38:28 (Aug31) |  941.8 MB | PBS_TechMap-Datapath Postmap Operations
--------------------+---------------------+--------------+--------------------+-----------+----------------------
 00:00:25(00:00:19) |  00:00:00(00:00:00) |  -0.1(  0.0) |   14:38:28 (Aug31) |  941.8 MB | PBS_TechMap-Postmap HBO Optimizations
--------------------+---------------------+--------------+--------------------+-----------+----------------------
Number of threads: 8 * 1   (id: pbs_debug, time_info v1.57)
Info: (*N*) indicates data that was populated from previously saved time_info database
Info: CPU time includes time of parent + longest thread
 Doing ConstProp on design:only_srams ... 

Time taken by ConstProp Step: 00:00:00
PBS_TechMap-Postmap Clock Gating - Elapsed_Time 0, CPU_Time 0.0
stamp 'PBS_TechMap-Postmap Clock Gating' being created for table 'pbs_debug'

  Total Time (Wall) |  Stage Time (Wall)  |   % (Wall)   |    Date - Time     |  Memory   | Stage
--------------------+---------------------+--------------+--------------------+-----------+----------------------
 00:00:17(00:00:10) |  00:00:00(00:00:00) |   0.0(  0.0) |   14:38:19 (Aug31) |  579.3 MB | PBS_Generic-Start
--------------------+---------------------+--------------+--------------------+-----------+----------------------
 00:00:20(00:00:15) |  00:00:03(00:00:05) |  46.5( 55.6) |   14:38:24 (Aug31) |  941.8 MB | PBS_Generic_Opt-Post
--------------------+---------------------+--------------+--------------------+-----------+----------------------
 00:00:20(00:00:15) |  00:00:00(00:00:00) |   0.0(  0.0) |   14:38:24 (Aug31) |  941.8 MB | PBS_Generic-Postgen HBO Optimizations
--------------------+---------------------+--------------+--------------------+-----------+----------------------
 00:00:21(00:00:15) |  00:00:01(00:00:00) |  12.2(  0.0) |   14:38:24 (Aug31) |  941.8 MB | PBS_TechMap-Start
--------------------+---------------------+--------------+--------------------+-----------+----------------------
 00:00:21(00:00:15) |  00:00:00(00:00:00) |   0.0(  0.0) |   14:38:24 (Aug31) |  941.8 MB | PBS_TechMap-Premap HBO Optimizations
--------------------+---------------------+--------------+--------------------+-----------+----------------------
 00:00:24(00:00:17) |  00:00:02(00:00:02) |  29.3( 22.2) |   14:38:26 (Aug31) |  941.8 MB | PBS_Techmap-Global Mapping
--------------------+---------------------+--------------+--------------------+-----------+----------------------
 00:00:25(00:00:19) |  00:00:00(00:00:02) |  12.1( 22.2) |   14:38:28 (Aug31) |  941.8 MB | PBS_TechMap-Datapath Postmap Operations
--------------------+---------------------+--------------+--------------------+-----------+----------------------
 00:00:25(00:00:19) |  00:00:00(00:00:00) |  -0.1(  0.0) |   14:38:28 (Aug31) |  941.8 MB | PBS_TechMap-Postmap HBO Optimizations
--------------------+---------------------+--------------+--------------------+-----------+----------------------
 00:00:25(00:00:19) |  00:00:00(00:00:00) |   0.0(  0.0) |   14:38:28 (Aug31) |  941.8 MB | PBS_TechMap-Postmap Clock Gating
--------------------+---------------------+--------------+--------------------+-----------+----------------------
Number of threads: 8 * 1   (id: pbs_debug, time_info v1.57)
Info: (*N*) indicates data that was populated from previously saved time_info database
Info: CPU time includes time of parent + longest thread
-------------------------------------------------------------------------------
 hi_fo_buf                   754        0         0         0        0

           Trick     Calls     Accepts   Attempts    Time(secs) 
-----------------------------------------------------------
       hi_fo_buf         0  (        0 /        0 )  0.00

 
Incremental optimization status
===============================
                                   Group   
                                  Tot Wrst     Total - - DRC Totals - -
                           Total  Weighted      Neg      Max       Max 
Operation                   Area   Slacks      Slack    Trans      Cap 
 init_delay                  754        0         0         0        0

           Trick     Calls     Accepts   Attempts    Time(secs) 
-----------------------------------------------------------
       crit_upsz         0  (        0 /        0 )  0.00
    plc_bal_star         0  (        0 /        0 )  0.00
     drc_buftimb         0  (        0 /        0 )  0.00
          plc_st         0  (        0 /        0 )  0.00
    plc_st_fence         0  (        0 /        0 )  0.00
        plc_star         0  (        0 /        0 )  0.00
      plc_laf_st         0  (        0 /        0 )  0.00
 plc_laf_st_fence         0  (        0 /        0 )  0.00
     drc_buftims         0  (        0 /        0 )  0.00
            fopt         0  (        0 /        0 )  0.00
   plc_laf_lo_st         0  (        0 /        0 )  0.00
       plc_lo_st         0  (        0 /        0 )  0.00
        mb_split         0  (        0 /        0 )  0.00

 
Local TNS optimization status
=============================
                                   Group   
                                  Tot Wrst     Total - - DRC Totals - -
                           Total  Weighted      Neg      Max       Max 
Operation                   Area   Slacks      Slack    Trans      Cap 
 init_tns                    754        0         0         0        0

           Trick     Calls     Accepts   Attempts    Time(secs) 
-----------------------------------------------------------
    plc_bal_star         0  (        0 /        0 )  0.00
     drc_buftimb         0  (        0 /        0 )  0.00
     drc_buftims         0  (        0 /        0 )  0.00
       crit_upsz         0  (        0 /        0 )  0.00
   plc_laf_lo_st         0  (        0 /        0 )  0.00
       plc_lo_st         0  (        0 /        0 )  0.00
            fopt         0  (        0 /        0 )  0.00
       crit_dnsz         0  (        0 /        0 )  0.00
             dup         0  (        0 /        0 )  0.00
        setup_dn         0  (        0 /        0 )  0.00
        mb_split         0  (        0 /        0 )  0.00

PBS_TechMap-Postmap Cleanup - Elapsed_Time 0, CPU_Time -0.0021789999999981546
stamp 'PBS_TechMap-Postmap Cleanup' being created for table 'pbs_debug'

  Total Time (Wall) |  Stage Time (Wall)  |   % (Wall)   |    Date - Time     |  Memory   | Stage
--------------------+---------------------+--------------+--------------------+-----------+----------------------
 00:00:17(00:00:10) |  00:00:00(00:00:00) |   0.0(  0.0) |   14:38:19 (Aug31) |  579.3 MB | PBS_Generic-Start
--------------------+---------------------+--------------+--------------------+-----------+----------------------
 00:00:20(00:00:15) |  00:00:03(00:00:05) |  46.5( 55.6) |   14:38:24 (Aug31) |  941.8 MB | PBS_Generic_Opt-Post
--------------------+---------------------+--------------+--------------------+-----------+----------------------
 00:00:20(00:00:15) |  00:00:00(00:00:00) |   0.0(  0.0) |   14:38:24 (Aug31) |  941.8 MB | PBS_Generic-Postgen HBO Optimizations
--------------------+---------------------+--------------+--------------------+-----------+----------------------
 00:00:21(00:00:15) |  00:00:01(00:00:00) |  12.2(  0.0) |   14:38:24 (Aug31) |  941.8 MB | PBS_TechMap-Start
--------------------+---------------------+--------------+--------------------+-----------+----------------------
 00:00:21(00:00:15) |  00:00:00(00:00:00) |   0.0(  0.0) |   14:38:24 (Aug31) |  941.8 MB | PBS_TechMap-Premap HBO Optimizations
--------------------+---------------------+--------------+--------------------+-----------+----------------------
 00:00:24(00:00:17) |  00:00:02(00:00:02) |  29.3( 22.2) |   14:38:26 (Aug31) |  941.8 MB | PBS_Techmap-Global Mapping
--------------------+---------------------+--------------+--------------------+-----------+----------------------
 00:00:25(00:00:19) |  00:00:00(00:00:02) |  12.1( 22.2) |   14:38:28 (Aug31) |  941.8 MB | PBS_TechMap-Datapath Postmap Operations
--------------------+---------------------+--------------+--------------------+-----------+----------------------
 00:00:25(00:00:19) |  00:00:00(00:00:00) |  -0.1(  0.0) |   14:38:28 (Aug31) |  941.8 MB | PBS_TechMap-Postmap HBO Optimizations
--------------------+---------------------+--------------+--------------------+-----------+----------------------
 00:00:25(00:00:19) |  00:00:00(00:00:00) |   0.0(  0.0) |   14:38:28 (Aug31) |  941.8 MB | PBS_TechMap-Postmap Clock Gating
--------------------+---------------------+--------------+--------------------+-----------+----------------------
 00:00:25(00:00:19) |  00:00:00(00:00:00) |  -0.0(  0.0) |   14:38:28 (Aug31) |  941.8 MB | PBS_TechMap-Postmap Cleanup
--------------------+---------------------+--------------+--------------------+-----------+----------------------
Number of threads: 8 * 1   (id: pbs_debug, time_info v1.57)
Info: (*N*) indicates data that was populated from previously saved time_info database
Info: CPU time includes time of parent + longest thread
PBS_Techmap-Post_MBCI - Elapsed_Time 0, CPU_Time 0.0
stamp 'PBS_Techmap-Post_MBCI' being created for table 'pbs_debug'

  Total Time (Wall) |  Stage Time (Wall)  |   % (Wall)   |    Date - Time     |  Memory   | Stage
--------------------+---------------------+--------------+--------------------+-----------+----------------------
 00:00:17(00:00:10) |  00:00:00(00:00:00) |   0.0(  0.0) |   14:38:19 (Aug31) |  579.3 MB | PBS_Generic-Start
--------------------+---------------------+--------------+--------------------+-----------+----------------------
 00:00:20(00:00:15) |  00:00:03(00:00:05) |  46.5( 55.6) |   14:38:24 (Aug31) |  941.8 MB | PBS_Generic_Opt-Post
--------------------+---------------------+--------------+--------------------+-----------+----------------------
 00:00:20(00:00:15) |  00:00:00(00:00:00) |   0.0(  0.0) |   14:38:24 (Aug31) |  941.8 MB | PBS_Generic-Postgen HBO Optimizations
--------------------+---------------------+--------------+--------------------+-----------+----------------------
 00:00:21(00:00:15) |  00:00:01(00:00:00) |  12.2(  0.0) |   14:38:24 (Aug31) |  941.8 MB | PBS_TechMap-Start
--------------------+---------------------+--------------+--------------------+-----------+----------------------
 00:00:21(00:00:15) |  00:00:00(00:00:00) |   0.0(  0.0) |   14:38:24 (Aug31) |  941.8 MB | PBS_TechMap-Premap HBO Optimizations
--------------------+---------------------+--------------+--------------------+-----------+----------------------
 00:00:24(00:00:17) |  00:00:02(00:00:02) |  29.3( 22.2) |   14:38:26 (Aug31) |  941.8 MB | PBS_Techmap-Global Mapping
--------------------+---------------------+--------------+--------------------+-----------+----------------------
 00:00:25(00:00:19) |  00:00:00(00:00:02) |  12.1( 22.2) |   14:38:28 (Aug31) |  941.8 MB | PBS_TechMap-Datapath Postmap Operations
--------------------+---------------------+--------------+--------------------+-----------+----------------------
 00:00:25(00:00:19) |  00:00:00(00:00:00) |  -0.1(  0.0) |   14:38:28 (Aug31) |  941.8 MB | PBS_TechMap-Postmap HBO Optimizations
--------------------+---------------------+--------------+--------------------+-----------+----------------------
 00:00:25(00:00:19) |  00:00:00(00:00:00) |   0.0(  0.0) |   14:38:28 (Aug31) |  941.8 MB | PBS_TechMap-Postmap Clock Gating
--------------------+---------------------+--------------+--------------------+-----------+----------------------
 00:00:25(00:00:19) |  00:00:00(00:00:00) |  -0.0(  0.0) |   14:38:28 (Aug31) |  941.8 MB | PBS_TechMap-Postmap Cleanup
--------------------+---------------------+--------------+--------------------+-----------+----------------------
 00:00:25(00:00:19) |  00:00:00(00:00:00) |   0.0(  0.0) |   14:38:28 (Aug31) |  941.8 MB | PBS_Techmap-Post_MBCI
--------------------+---------------------+--------------+--------------------+-----------+----------------------
Number of threads: 8 * 1   (id: pbs_debug, time_info v1.57)
Info: (*N*) indicates data that was populated from previously saved time_info database
Info: CPU time includes time of parent + longest thread
##>=================== Cadence Confidential (Mapping-Logical) ===================
##>Main Thread Summary:
##>----------------------------------------------------------------------------------------
##>STEP                           Elapsed       WNS       TNS     Insts      Area    Memory
##>----------------------------------------------------------------------------------------
##>M:Initial                            0         -         -       309      1115       941
##>M:Pre Cleanup                        0         -         -       309      1115       941
##>M:Setup                              0         -         -         -         -         -
##>M:Early Clock Gating                 0         -         -         -         -         -
##>M:Launch ST                          0         -         -         -         -         -
##>M:Design Partition                   0         -         -         -         -         -
##>M:Create Partition Netlists          0         -         -         -         -         -
##>M:Init Power                         0         -         -         -         -         -
##>M:Budgeting                          0         -         -         -         -         -
##>M:Derenv-DB                          0         -         -         -         -         -
##>M:Debug Outputs                      0         -         -         -         -         -
##>M:ST loading                         0         -         -         -         -         -
##>M:Distributed                        0         -         -         -         -         -
##>M:Timer                              0         -         -         -         -         -
##>M:Assembly                           0         -         -         -         -         -
##>M:DFT                                0         -         -         -         -         -
##>M:DP Operations                      2         -         -       174       532       941
##>M:Const Prop                         0      7853         0       174       532       941
##>M:Cleanup                            0      7853         0       174       532       941
##>M:MBCI                               0         -         -       174       532       941
##>M:PostGen Opt                        0         -         -         -         -         -
##>M:Early Clock Gating Cleanup         0         -         -         -         -         -
##>M:Const Gate Removal                 0         -         -         -         -         -
##>M:Misc                               2
##>----------------------------------------------------------------------------------------
##>Total Elapsed                        4
##>========================================================================================
Info    : Done mapping. [SYNTH-5]
        : Done mapping 'only_srams'.
      flow.cputime  flow.realtime  timing.setup.tns  timing.setup.wns  snapshot
UM:*                                                                   syn_map
@file(only_srams.tcl) 58: syn_opt
Current PLE settings:

Aspect ratio        : 1.000
Shrink factor       : 1.000
Scale of res/length : 1.000
Scale of cap/length : 1.000
Net derating factor : 1.000
Thermal factor      : 1.000
Via Resistance      : 0.000 ohm (from default)
Site size           : 1.910 um (from lef [tech+cell])

                                   Capacitance  
  Layer                             / Length         Data source:
Name        Direction Utilization  (pF/micron)       lef_library
------------------------------------------------
Metal1          H         0.00        0.000412  
Metal2          V         1.00        0.000416  
Metal3          H         1.00        0.000416  
Metal4          V         1.00        0.000416  
Metal5          H         1.00        0.000416  
Metal6          V         1.00        0.000416  
Metal7          H         1.00        0.000416  
Metal8          V         1.00        0.000416  
Metal9          H         1.00        0.000416  
Metal10         V         1.00        0.000444  
Metal11         H         1.00        0.000444  

                                    Resistance   
  Layer                              / Length         Data source:
Name        Direction Utilization  (ohm/micron)       lef_library
-------------------------------------------------
Metal1          H         0.00         1.226667  
Metal2          V         1.00         0.755000  
Metal3          H         1.00         0.755000  
Metal4          V         1.00         0.755000  
Metal5          H         1.00         0.755000  
Metal6          V         1.00         0.755000  
Metal7          H         1.00         0.755000  
Metal8          V         1.00         0.267500  
Metal9          H         1.00         0.267500  
Metal10         V         1.00         0.097273  
Metal11         H         1.00         0.095455  

                                        Area     
  Layer                               / Length        Data source:
Name        Direction Utilization     (micron)        lef_library
-------------------------------------------------
Metal1          H         0.00         0.060000  
Metal2          V         1.00         0.080000  
Metal3          H         1.00         0.080000  
Metal4          V         1.00         0.080000  
Metal5          H         1.00         0.080000  
Metal6          V         1.00         0.080000  
Metal7          H         1.00         0.080000  
Metal8          V         1.00         0.080000  
Metal9          H         1.00         0.080000  
Metal10         V         1.00         0.220000  
Metal11         H         1.00         0.220000  

Info    : Incrementally optimizing. [SYNTH-7]
        : Incrementally optimizing 'only_srams' using 'medium' effort.
 
Incremental optimization status
===============================
                                   Group   
                                  Tot Wrst     Total - - DRC Totals - -
                           Total  Weighted      Neg      Max       Max 
Operation                   Area   Slacks      Slack    Trans      Cap 
 init_iopt                   754        0         0         0        0
-------------------------------------------------------------------------------
 const_prop                  754        0         0         0        0
 
Incremental optimization status
===============================
                                   Group   
                                  Tot Wrst     Total - - DRC Totals - -
                           Total  Weighted      Neg      Max       Max 
Operation                   Area   Slacks      Slack    Trans      Cap 
 init_delay                  754        0         0         0        0

           Trick     Calls     Accepts   Attempts    Time(secs) 
-----------------------------------------------------------
       crit_upsz         0  (        0 /        0 )  0.00
    plc_bal_star         0  (        0 /        0 )  0.00
     drc_buftimb         0  (        0 /        0 )  0.00
          plc_st         0  (        0 /        0 )  0.00
    plc_st_fence         0  (        0 /        0 )  0.00
        plc_star         0  (        0 /        0 )  0.00
      plc_laf_st         0  (        0 /        0 )  0.00
 plc_laf_st_fence         0  (        0 /        0 )  0.00
     drc_buftims         0  (        0 /        0 )  0.00
   plc_laf_lo_st         0  (        0 /        0 )  0.00
       plc_lo_st         0  (        0 /        0 )  0.00
            fopt         0  (        0 /        0 )  0.00
       crit_dnsz         0  (        0 /        0 )  0.00
             dup         0  (        0 /        0 )  0.00
            fopt         0  (        0 /        0 )  0.00
        setup_dn         0  (        0 /        0 )  0.00
         buf2inv         0  (        0 /        0 )  0.00
        mb_split         0  (        0 /        0 )  0.00
             exp         0  (        0 /        0 )  0.00
       gate_deco         0  (        0 /        0 )  0.00
       gcomp_tim         0  (        0 /        0 )  0.00
  inv_pair_2_buf         0  (        0 /        0 )  0.00

 init_drc                    754        0         0         0        0

           Trick     Calls     Accepts   Attempts    Time(secs) 
-----------------------------------------------------------
          plc_st         0  (        0 /        0 )  0.00
        plc_star         0  (        0 /        0 )  0.00
        drc_bufs         0  (        0 /        0 )  0.00
        drc_fopt         0  (        0 /        0 )  0.00
        drc_bufb         0  (        0 /        0 )  0.00
      simple_buf         0  (        0 /        0 )  0.00
             dup         0  (        0 /        0 )  0.00
       crit_dnsz         0  (        0 /        0 )  0.00
       crit_upsz         0  (        0 /        0 )  0.00


           Trick     Calls     Accepts   Attempts    Time(secs) 
-----------------------------------------------------------
          plc_st         0  (        0 /        0 )  0.00
        plc_star         0  (        0 /        0 )  0.00
      drc_buf_sp         0  (        0 /        0 )  0.00
        drc_bufs         0  (        0 /        0 )  0.00
        drc_fopt         0  (        0 /        0 )  0.00
        drc_bufb         0  (        0 /        0 )  0.00
      simple_buf         0  (        0 /        0 )  0.00
             dup         0  (        0 /        0 )  0.00
       crit_dnsz         0  (        0 /        0 )  0.00
       crit_upsz         0  (        0 /        0 )  0.00


           Trick     Calls     Accepts   Attempts    Time(secs) 
-----------------------------------------------------------
          plc_st         0  (        0 /        0 )  0.00
        plc_star         0  (        0 /        0 )  0.00
      drc_buf_sp         0  (        0 /        0 )  0.00
        drc_bufs         0  (        0 /        0 )  0.00
        drc_fopt         0  (        0 /        0 )  0.00
        drc_bufb         0  (        0 /        0 )  0.00
             dup         0  (        0 /        0 )  0.00
       crit_dnsz         0  (        0 /        0 )  0.00
       crit_upsz         0  (        0 /        0 )  0.00

 init_tns                    754        0         0         0        0

           Trick     Calls     Accepts   Attempts    Time(secs) 
-----------------------------------------------------------
    plc_bal_star         0  (        0 /        0 )  0.00
     drc_buftimb         0  (        0 /        0 )  0.00
     drc_buftims         0  (        0 /        0 )  0.00
       crit_upsz         0  (        0 /        0 )  0.00
   plc_laf_lo_st         0  (        0 /        0 )  0.00
       plc_lo_st         0  (        0 /        0 )  0.00
            fopt         0  (        0 /        0 )  0.00
       crit_dnsz         0  (        0 /        0 )  0.00
             dup         0  (        0 /        0 )  0.00
        setup_dn         0  (        0 /        0 )  0.00
         buf2inv         0  (        0 /        0 )  0.00
        mb_split         0  (        0 /        0 )  0.00

 init_area                   754        0         0         0        0
 rem_inv_qb                  751        0         0         0        0
 glob_area                   751        0         0         0        0
 area_down                   750        0         0         0        0

           Trick     Calls     Accepts   Attempts    Time(secs) 
-----------------------------------------------------------
           undup         0  (        0 /        0 )  0.00
         rem_buf         0  (        0 /        0 )  0.00
         rem_inv         0  (        0 /        0 )  0.00
        merge_bi         0  (        0 /        0 )  0.00
      rem_inv_qb         4  (        2 /        2 )  0.01
        io_phase         0  (        0 /        0 )  0.00
       gate_comp         0  (        0 /        0 )  0.00
       gcomp_mog         0  (        0 /        0 )  0.00
       glob_area        34  (        2 /       34 )  0.00
       area_down         3  (        1 /        1 )  0.02
      size_n_buf         1  (        0 /        0 )  0.00
  gate_deco_area         0  (        0 /        0 )  0.00
         rem_buf         0  (        0 /        0 )  0.00
         rem_inv         0  (        0 /        0 )  0.00
        merge_bi         0  (        0 /        0 )  0.00
      rem_inv_qb         0  (        0 /        0 )  0.00

 
Incremental optimization status
===============================
                                   Group   
                                  Tot Wrst     Total - - DRC Totals - -
                           Total  Weighted      Neg      Max       Max 
Operation                   Area   Slacks      Slack    Trans      Cap 
 init_delay                  750        0         0         0        0

           Trick     Calls     Accepts   Attempts    Time(secs) 
-----------------------------------------------------------
       crit_upsz         0  (        0 /        0 )  0.00
    plc_bal_star         0  (        0 /        0 )  0.00
     drc_buftimb         0  (        0 /        0 )  0.00
          plc_st         0  (        0 /        0 )  0.00
    plc_st_fence         0  (        0 /        0 )  0.00
        plc_star         0  (        0 /        0 )  0.00
      plc_laf_st         0  (        0 /        0 )  0.00
 plc_laf_st_fence         0  (        0 /        0 )  0.00
     drc_buftims         0  (        0 /        0 )  0.00
   plc_laf_lo_st         0  (        0 /        0 )  0.00
       plc_lo_st         0  (        0 /        0 )  0.00
            fopt         0  (        0 /        0 )  0.00
       crit_dnsz         0  (        0 /        0 )  0.00
             dup         0  (        0 /        0 )  0.00
            fopt         0  (        0 /        0 )  0.00
        setup_dn         0  (        0 /        0 )  0.00
         buf2inv         0  (        0 /        0 )  0.00
        mb_split         0  (        0 /        0 )  0.00
             exp         0  (        0 /        0 )  0.00
       gate_deco         0  (        0 /        0 )  0.00
       gcomp_tim         0  (        0 /        0 )  0.00
  inv_pair_2_buf         0  (        0 /        0 )  0.00

 init_drc                    750        0         0         0        0

           Trick     Calls     Accepts   Attempts    Time(secs) 
-----------------------------------------------------------
          plc_st         0  (        0 /        0 )  0.00
        plc_star         0  (        0 /        0 )  0.00
        drc_bufs         0  (        0 /        0 )  0.00
        drc_fopt         0  (        0 /        0 )  0.00
        drc_bufb         0  (        0 /        0 )  0.00
      simple_buf         0  (        0 /        0 )  0.00
             dup         0  (        0 /        0 )  0.00
       crit_dnsz         0  (        0 /        0 )  0.00
       crit_upsz         0  (        0 /        0 )  0.00


           Trick     Calls     Accepts   Attempts    Time(secs) 
-----------------------------------------------------------
          plc_st         0  (        0 /        0 )  0.00
        plc_star         0  (        0 /        0 )  0.00
        drc_bufs         0  (        0 /        0 )  0.00
        drc_fopt         0  (        0 /        0 )  0.00
        drc_bufb         0  (        0 /        0 )  0.00
      simple_buf         0  (        0 /        0 )  0.00
             dup         0  (        0 /        0 )  0.00
       crit_dnsz         0  (        0 /        0 )  0.00
       crit_upsz         0  (        0 /        0 )  0.00


           Trick     Calls     Accepts   Attempts    Time(secs) 
-----------------------------------------------------------
          plc_st         0  (        0 /        0 )  0.00
        plc_star         0  (        0 /        0 )  0.00
        drc_bufs         0  (        0 /        0 )  0.00
        drc_fopt         0  (        0 /        0 )  0.00
        drc_bufb         0  (        0 /        0 )  0.00
             dup         0  (        0 /        0 )  0.00
       crit_dnsz         0  (        0 /        0 )  0.00
       crit_upsz         0  (        0 /        0 )  0.00

 init_area                   750        0         0         0        0

           Trick     Calls     Accepts   Attempts    Time(secs) 
-----------------------------------------------------------
           undup         0  (        0 /        0 )  0.00
         rem_buf         0  (        0 /        0 )  0.00
         rem_inv         0  (        0 /        0 )  0.00
        merge_bi         0  (        0 /        0 )  0.00
      rem_inv_qb         0  (        0 /        0 )  0.00
        io_phase         0  (        0 /        0 )  0.00
       gate_comp         0  (        0 /        0 )  0.00
       gcomp_mog         0  (        0 /        0 )  0.00
       glob_area        33  (        0 /       33 )  0.00
       area_down         2  (        0 /        0 )  0.02
      size_n_buf         0  (        0 /        0 )  0.00
  gate_deco_area         0  (        0 /        0 )  0.00

==================================
Stage : incr_opt 
==================================
  =================
   Message Summary
  =================
-------------------------------------------------------------------
|  Id   |Sev |Count|                 Message Text                 |
-------------------------------------------------------------------
|CFM-1  |Info|    1|Wrote dofile.                                 |
|CFM-5  |Info|    1|Wrote formal verification information.        |
|PA-7   |Info|    4|Resetting power analysis results.             |
|       |    |     |All computed switching activities are removed.|
|SYNTH-5|Info|    1|Done mapping.                                 |
|SYNTH-7|Info|    1|Incrementally optimizing.                     |
-------------------------------------------------------------------
Info    : Done incrementally optimizing. [SYNTH-8]
        : Done incrementally optimizing 'only_srams'.
      flow.cputime  flow.realtime  timing.setup.tns  timing.setup.wns  snapshot
UM:*                                                                   syn_opt
@file(only_srams.tcl) 63: set SAIF_FILE "../sim/${TOP_MODULE}_activity.saif"
@file(only_srams.tcl) 64: if { [file exists $SAIF_FILE] } {
    puts "INFO: Lendo arquivo SAIF para cálculo de potência dinâmica real..."
    read_saif -input $SAIF_FILE -instance u_dut
} else {
    puts "WARNING: Arquivo SAIF não encontrado. A potência será estimada."
}
WARNING: Arquivo SAIF não encontrado. A potência será estimada.
@file(only_srams.tcl) 74: file mkdir reports outputs
@file(only_srams.tcl) 77: report_timing -max_paths 10 > reports/${DESIGN_NAME}_timing.rpt
@file(only_srams.tcl) 78: report_power  > reports/${DESIGN_NAME}_power.rpt
Info    : Joules engine is used. [RPT-16]
        : Joules engine is being used for the command report_power.
Info   : ACTP-0001 [ACTPInfo] Activity propagation started for stim#0 netlist
       : only_srams
Info   : ACTP-0009 [ACTPInfo] Activity Propagation Progress Report :   0%   1%   2%   3%   4%   5%   6%   7%   8%   9%  10%  11%  12%  13%  14%  15%  16%  17%  18%  19%  20%  21%  22%  23%  24%  25%  26%  27%  28%  29%  30%  31%  32%  33%  34%  35%  36%  37%  38%  39%  40%  41%  42%  43%  44%  45%  46%  47%  48%  49%  50%  51%  52%  53%  54%  55%  56%  57%  58%  59%  60%  61%  62%  63%  64%  65%  66%  67%  68%  69%  70%  71%  72%  73%  74%  75%  76%  77%  78%  79%  80%  81%  82%  83%  84%  85%  86%  87%  88%  89%  90%  91%  92%  93%  94%  95%  96%  97%  98%  99% 100%
Info   : ACTP-0001 Activity propagation ended for stim#0
Info   : PWRA-0001 [PwrInfo] compute_power effective options 
       : -mode : vectorless
       : -skip_propagation : 1
       : -frequency_scaling_factor : 1.0
       : -use_clock_freq : stim
       : -stim :/stim#0
       : -fromGenus : 1
Info   : ACTP-0001 Timing initialization started
Info   : ACTP-0001 Timing initialization ended
Info   : PWRA-0002 [PwrInfo] Skipping activity propagation due to -skip_ap
       : option....
Warning: PWRA-0302 [PwrWarn] Frequency scaling is not applicable for vectorless
       : flow. Ignoring frequency scaling.
Warning: PWRA-0304 [PwrWarn] -stim option is not applicable with vectorless mode
       : of power analysis, ignored this option.
Info   : PWRA-0002 Started 'vectorless' power computation.
Info   : PWRA-0009 [PwrInfo] Power Computation Progress Report :   0%   1%   2%   3%   4%   5%   6%   7%   8%   9%  10%  11%  12%  13%  14%  15%  16%  17%  18%  19%  20%  21%  22%  23%  24%  25%  26%  27%  28%  29%  30%  31%  32%  33%  34%  35%  36%  37%  38%  39%  40%  41%  42%  43%  44%  45%  46%  47%  48%  49%  50%  51%  52%  53%  54%  55%  56%  57%  58%  59%  60%  61%  62%  63%  64%  65%  66%  67%  68%  69%  70%  71%  72%  73%  74%  75%  76%  77%  78%  79%  80%  81%  82%  83%  84%  85%  86%  87%  88%  89%  90%  91%  92%  93%  94%  95%  96%  97%  98%  99% 100%
Info   : PWRA-0002 Finished power computation.
Info   : PWRA-0007 [PwrInfo] Completed successfully.
       : Info=6, Warn=2, Error=0, Fatal=0
Output file: reports/only_srams_power.rpt
@file(only_srams.tcl) 79: report_area   > reports/${DESIGN_NAME}_area.rpt
@file(only_srams.tcl) 80: report_qor    > reports/${DESIGN_NAME}_qor.rpt
@file(only_srams.tcl) 85: write_hdl > outputs/${DESIGN_NAME}_netlist.v
@file(only_srams.tcl) 86: write_sdc > outputs/${DESIGN_NAME}_sdc.sdc
Finished SDC export (command execution time mm:ss (real) = 00:01).
@file(only_srams.tcl) 87: write_sdf -timescale ns -nonegchecks -recrem split -edges check_edge -setuphold split > outputs/${DESIGN_NAME}_delays.sdf
@file(only_srams.tcl) 89: puts "INFO: Sintese do ${DESIGN_NAME} concluida com sucesso."
INFO: Sintese do only_srams concluida com sucesso.
@file(only_srams.tcl) 91: exit

Lic Summary:
[14:38:29.251697] Cdslmd servers: melicense
[14:38:29.251713] Feature usage summary:
[14:38:29.251713] Genus_Synthesis

Normal exit.